{
  "coverage": [
    {
      "adapterId": "cursor-cli",
      "expectedItems": 77,
      "gaps": [
        {
          "code": "no-cost-in-cli-output",
          "message": "cursor-agent print output reports no charge or price; money stays unavailable from this source."
        },
        {
          "code": "no-reasoning-tokens",
          "message": "cursor-agent usage reports input/output/cacheRead/cacheWrite only; reasoning tokens are unavailable."
        },
        {
          "code": "no-branch-in-cli-output",
          "message": "CLI output carries cwd but no Git branch; branch comes from the collect context only."
        },
        {
          "code": "may-overlap-hooks-stop",
          "message": "The same turn may also be reported by Cursor Stop hooks; correlation must collapse by session/request, never sum."
        }
      ],
      "observedItems": 1,
      "state": "partial",
      "watermark": "2026-09-30T12:47:49.059Z",
      "windowFrom": "2026-09-30T12:47:49.059Z",
      "windowTo": "2026-09-30T12:47:49.059Z"
    },
    {
      "adapterId": "cursor-hooks",
      "expectedItems": 20,
      "gaps": [
        {
          "code": "hooks-begin-at-install",
          "message": "hook events exist only after project .cursor/hooks.json is installed; earlier history needs a labelled import"
        },
        {
          "code": "stop-usage-unverified",
          "message": "stop-hook token/cost fields are kept raw with semanticsVerified=false and must not be summed until a semantic probe passes"
        },
        {
          "code": "live-capture-not-demonstrated",
          "message": "no authenticated cursor-agent session was available to this worker; payload shapes come from documented fixtures"
        }
      ],
      "observedItems": 20,
      "state": "complete",
      "watermark": "001790772469504-49bf9b675ef5b5399830fd42.json",
      "windowFrom": "2026-09-30T12:47:20.849Z",
      "windowTo": "2026-09-30T12:47:49.504Z"
    },
    {
      "adapterId": "cursor-transcripts",
      "expectedItems": null,
      "gaps": [
        {
          "code": "charge-unavailable",
          "message": "Cursor transcripts carry no billed charge; money stays unavailable unless a billing source is imported"
        },
        {
          "code": "malformed-lines",
          "message": "1 line(s) were not transcript JSON and were skipped"
        },
        {
          "code": "usage-unavailable",
          "message": "1 turn(s) had no usage fields; tokens unavailable (visible-text estimate only)"
        },
        {
          "code": "timestamps-absent",
          "message": "1 turn(s) have no per-turn timestamp in the transcript; occurredAt unknown"
        }
      ],
      "observedItems": 1,
      "state": "partial",
      "watermark": null,
      "windowFrom": null,
      "windowTo": null
    },
    {
      "adapterId": "git-history",
      "expectedItems": 1,
      "gaps": [],
      "observedItems": 1,
      "state": "complete",
      "watermark": "dc4e0d96eb3ef09ec8c87140f4c384e599754b07",
      "windowFrom": "2026-09-30T12:47:49.000Z",
      "windowTo": "2026-09-30T12:47:49.000Z"
    },
    {
      "adapterId": "git-observation",
      "expectedItems": null,
      "gaps": [
        {
          "code": "observation-not-history",
          "message": "Working-tree state is sampled only when collect runs; edits made and reverted between observations are not seen."
        },
        {
          "code": "reflog-local-retention",
          "message": "Branch reflog is local to this clone and expires with git gc; branches fetched or created elsewhere have no creation entry."
        },
        {
          "code": "no-ai-attribution",
          "message": "Git observation carries no evidence of who or what authored a change; attribution stays unassigned."
        }
      ],
      "observedItems": 3,
      "state": "partial",
      "watermark": "2026-09-30T12:47:51.648Z",
      "windowFrom": "2026-09-30T12:47:17.000Z",
      "windowTo": "2026-09-30T12:47:51.648Z"
    },
    {
      "adapterId": "local-test",
      "expectedItems": 1,
      "gaps": [
        {
          "code": "command-sessions-absent",
          "message": "No command session file supplied; test results are not joined to commands."
        }
      ],
      "observedItems": 1,
      "state": "complete",
      "watermark": null,
      "windowFrom": null,
      "windowTo": null
    }
  ],
  "findings": [],
  "flightId": null,
  "metrics": [
    {
      "asOf": "2026-09-30T12:47:52.544Z",
      "attribution": "not-applicable",
      "checkpoint": null,
      "coverage": [
        {
          "adapterId": "cursor-cli",
          "expectedItems": 77,
          "gaps": [
            {
              "code": "no-cost-in-cli-output",
              "message": "cursor-agent print output reports no charge or price; money stays unavailable from this source."
            },
            {
              "code": "no-reasoning-tokens",
              "message": "cursor-agent usage reports input/output/cacheRead/cacheWrite only; reasoning tokens are unavailable."
            },
            {
              "code": "no-branch-in-cli-output",
              "message": "CLI output carries cwd but no Git branch; branch comes from the collect context only."
            },
            {
              "code": "may-overlap-hooks-stop",
              "message": "The same turn may also be reported by Cursor Stop hooks; correlation must collapse by session/request, never sum."
            }
          ],
          "observedItems": 1,
          "state": "partial",
          "watermark": "2026-09-30T12:47:49.059Z",
          "windowFrom": "2026-09-30T12:47:49.059Z",
          "windowTo": "2026-09-30T12:47:49.059Z"
        },
        {
          "adapterId": "cursor-hooks",
          "expectedItems": 20,
          "gaps": [
            {
              "code": "hooks-begin-at-install",
              "message": "hook events exist only after project .cursor/hooks.json is installed; earlier history needs a labelled import"
            },
            {
              "code": "stop-usage-unverified",
              "message": "stop-hook token/cost fields are kept raw with semanticsVerified=false and must not be summed until a semantic probe passes"
            },
            {
              "code": "live-capture-not-demonstrated",
              "message": "no authenticated cursor-agent session was available to this worker; payload shapes come from documented fixtures"
            }
          ],
          "observedItems": 20,
          "state": "complete",
          "watermark": "001790772469504-49bf9b675ef5b5399830fd42.json",
          "windowFrom": "2026-09-30T12:47:20.849Z",
          "windowTo": "2026-09-30T12:47:49.504Z"
        },
        {
          "adapterId": "cursor-transcripts",
          "expectedItems": null,
          "gaps": [
            {
              "code": "charge-unavailable",
              "message": "Cursor transcripts carry no billed charge; money stays unavailable unless a billing source is imported"
            },
            {
              "code": "malformed-lines",
              "message": "1 line(s) were not transcript JSON and were skipped"
            },
            {
              "code": "usage-unavailable",
              "message": "1 turn(s) had no usage fields; tokens unavailable (visible-text estimate only)"
            },
            {
              "code": "timestamps-absent",
              "message": "1 turn(s) have no per-turn timestamp in the transcript; occurredAt unknown"
            }
          ],
          "observedItems": 1,
          "state": "partial",
          "watermark": null,
          "windowFrom": null,
          "windowTo": null
        },
        {
          "adapterId": "git-history",
          "expectedItems": 1,
          "gaps": [],
          "observedItems": 1,
          "state": "complete",
          "watermark": "dc4e0d96eb3ef09ec8c87140f4c384e599754b07",
          "windowFrom": "2026-09-30T12:47:49.000Z",
          "windowTo": "2026-09-30T12:47:49.000Z"
        },
        {
          "adapterId": "git-observation",
          "expectedItems": null,
          "gaps": [
            {
              "code": "observation-not-history",
              "message": "Working-tree state is sampled only when collect runs; edits made and reverted between observations are not seen."
            },
            {
              "code": "reflog-local-retention",
              "message": "Branch reflog is local to this clone and expires with git gc; branches fetched or created elsewhere have no creation entry."
            },
            {
              "code": "no-ai-attribution",
              "message": "Git observation carries no evidence of who or what authored a change; attribution stays unassigned."
            }
          ],
          "observedItems": 3,
          "state": "partial",
          "watermark": "2026-09-30T12:47:51.648Z",
          "windowFrom": "2026-09-30T12:47:17.000Z",
          "windowTo": "2026-09-30T12:47:51.648Z"
        },
        {
          "adapterId": "local-test",
          "expectedItems": 1,
          "gaps": [
            {
              "code": "command-sessions-absent",
              "message": "No command session file supplied; test results are not joined to commands."
            }
          ],
          "observedItems": 1,
          "state": "complete",
          "watermark": null,
          "windowFrom": null,
          "windowTo": null
        }
      ],
      "definition": {
        "description": "Sum of all token categories in aggregate ledgers (usage export/provider buckets). Alternative view; never added to detail totals.",
        "id": "dx.ai-usage.alternative.tokens.total",
        "unit": "tokens",
        "version": "1.0.0"
      },
      "denominator": null,
      "evidenceIds": [],
      "measurement": "unavailable",
      "method": "source-reported",
      "metricId": "dx.ai-usage.alternative.tokens.total",
      "numerator": null,
      "reason": "no aggregate usage ledger selected",
      "unit": "tokens",
      "value": null
    },
    {
      "asOf": "2026-09-30T12:47:52.544Z",
      "attribution": "strong",
      "checkpoint": null,
      "coverage": [
        {
          "adapterId": "cursor-cli",
          "expectedItems": 77,
          "gaps": [
            {
              "code": "no-cost-in-cli-output",
              "message": "cursor-agent print output reports no charge or price; money stays unavailable from this source."
            },
            {
              "code": "no-reasoning-tokens",
              "message": "cursor-agent usage reports input/output/cacheRead/cacheWrite only; reasoning tokens are unavailable."
            },
            {
              "code": "no-branch-in-cli-output",
              "message": "CLI output carries cwd but no Git branch; branch comes from the collect context only."
            },
            {
              "code": "may-overlap-hooks-stop",
              "message": "The same turn may also be reported by Cursor Stop hooks; correlation must collapse by session/request, never sum."
            }
          ],
          "observedItems": 1,
          "state": "partial",
          "watermark": "2026-09-30T12:47:49.059Z",
          "windowFrom": "2026-09-30T12:47:49.059Z",
          "windowTo": "2026-09-30T12:47:49.059Z"
        },
        {
          "adapterId": "cursor-hooks",
          "expectedItems": 20,
          "gaps": [
            {
              "code": "hooks-begin-at-install",
              "message": "hook events exist only after project .cursor/hooks.json is installed; earlier history needs a labelled import"
            },
            {
              "code": "stop-usage-unverified",
              "message": "stop-hook token/cost fields are kept raw with semanticsVerified=false and must not be summed until a semantic probe passes"
            },
            {
              "code": "live-capture-not-demonstrated",
              "message": "no authenticated cursor-agent session was available to this worker; payload shapes come from documented fixtures"
            }
          ],
          "observedItems": 20,
          "state": "complete",
          "watermark": "001790772469504-49bf9b675ef5b5399830fd42.json",
          "windowFrom": "2026-09-30T12:47:20.849Z",
          "windowTo": "2026-09-30T12:47:49.504Z"
        },
        {
          "adapterId": "cursor-transcripts",
          "expectedItems": null,
          "gaps": [
            {
              "code": "charge-unavailable",
              "message": "Cursor transcripts carry no billed charge; money stays unavailable unless a billing source is imported"
            },
            {
              "code": "malformed-lines",
              "message": "1 line(s) were not transcript JSON and were skipped"
            },
            {
              "code": "usage-unavailable",
              "message": "1 turn(s) had no usage fields; tokens unavailable (visible-text estimate only)"
            },
            {
              "code": "timestamps-absent",
              "message": "1 turn(s) have no per-turn timestamp in the transcript; occurredAt unknown"
            }
          ],
          "observedItems": 1,
          "state": "partial",
          "watermark": null,
          "windowFrom": null,
          "windowTo": null
        },
        {
          "adapterId": "git-history",
          "expectedItems": 1,
          "gaps": [],
          "observedItems": 1,
          "state": "complete",
          "watermark": "dc4e0d96eb3ef09ec8c87140f4c384e599754b07",
          "windowFrom": "2026-09-30T12:47:49.000Z",
          "windowTo": "2026-09-30T12:47:49.000Z"
        },
        {
          "adapterId": "git-observation",
          "expectedItems": null,
          "gaps": [
            {
              "code": "observation-not-history",
              "message": "Working-tree state is sampled only when collect runs; edits made and reverted between observations are not seen."
            },
            {
              "code": "reflog-local-retention",
              "message": "Branch reflog is local to this clone and expires with git gc; branches fetched or created elsewhere have no creation entry."
            },
            {
              "code": "no-ai-attribution",
              "message": "Git observation carries no evidence of who or what authored a change; attribution stays unassigned."
            }
          ],
          "observedItems": 3,
          "state": "partial",
          "watermark": "2026-09-30T12:47:51.648Z",
          "windowFrom": "2026-09-30T12:47:17.000Z",
          "windowTo": "2026-09-30T12:47:51.648Z"
        },
        {
          "adapterId": "local-test",
          "expectedItems": 1,
          "gaps": [
            {
              "code": "command-sessions-absent",
              "message": "No command session file supplied; test results are not joined to commands."
            }
          ],
          "observedItems": 1,
          "state": "complete",
          "watermark": null,
          "windowFrom": null,
          "windowTo": null
        }
      ],
      "definition": {
        "description": "Usage rows dropped because another source or emission reported the same request/turn with equal or higher precedence.",
        "id": "dx.ai-usage.duplicate-rows-collapsed",
        "unit": "rows",
        "version": "1.0.0"
      },
      "denominator": null,
      "evidenceIds": [],
      "measurement": "measured",
      "method": "derived",
      "metricId": "dx.ai-usage.duplicate-rows-collapsed",
      "numerator": null,
      "reason": null,
      "unit": "rows",
      "value": 0
    },
    {
      "asOf": "2026-09-30T12:47:52.544Z",
      "attribution": "not-applicable",
      "checkpoint": null,
      "coverage": [
        {
          "adapterId": "cursor-cli",
          "expectedItems": 77,
          "gaps": [
            {
              "code": "no-cost-in-cli-output",
              "message": "cursor-agent print output reports no charge or price; money stays unavailable from this source."
            },
            {
              "code": "no-reasoning-tokens",
              "message": "cursor-agent usage reports input/output/cacheRead/cacheWrite only; reasoning tokens are unavailable."
            },
            {
              "code": "no-branch-in-cli-output",
              "message": "CLI output carries cwd but no Git branch; branch comes from the collect context only."
            },
            {
              "code": "may-overlap-hooks-stop",
              "message": "The same turn may also be reported by Cursor Stop hooks; correlation must collapse by session/request, never sum."
            }
          ],
          "observedItems": 1,
          "state": "partial",
          "watermark": "2026-09-30T12:47:49.059Z",
          "windowFrom": "2026-09-30T12:47:49.059Z",
          "windowTo": "2026-09-30T12:47:49.059Z"
        },
        {
          "adapterId": "cursor-hooks",
          "expectedItems": 20,
          "gaps": [
            {
              "code": "hooks-begin-at-install",
              "message": "hook events exist only after project .cursor/hooks.json is installed; earlier history needs a labelled import"
            },
            {
              "code": "stop-usage-unverified",
              "message": "stop-hook token/cost fields are kept raw with semanticsVerified=false and must not be summed until a semantic probe passes"
            },
            {
              "code": "live-capture-not-demonstrated",
              "message": "no authenticated cursor-agent session was available to this worker; payload shapes come from documented fixtures"
            }
          ],
          "observedItems": 20,
          "state": "complete",
          "watermark": "001790772469504-49bf9b675ef5b5399830fd42.json",
          "windowFrom": "2026-09-30T12:47:20.849Z",
          "windowTo": "2026-09-30T12:47:49.504Z"
        },
        {
          "adapterId": "cursor-transcripts",
          "expectedItems": null,
          "gaps": [
            {
              "code": "charge-unavailable",
              "message": "Cursor transcripts carry no billed charge; money stays unavailable unless a billing source is imported"
            },
            {
              "code": "malformed-lines",
              "message": "1 line(s) were not transcript JSON and were skipped"
            },
            {
              "code": "usage-unavailable",
              "message": "1 turn(s) had no usage fields; tokens unavailable (visible-text estimate only)"
            },
            {
              "code": "timestamps-absent",
              "message": "1 turn(s) have no per-turn timestamp in the transcript; occurredAt unknown"
            }
          ],
          "observedItems": 1,
          "state": "partial",
          "watermark": null,
          "windowFrom": null,
          "windowTo": null
        },
        {
          "adapterId": "git-history",
          "expectedItems": 1,
          "gaps": [],
          "observedItems": 1,
          "state": "complete",
          "watermark": "dc4e0d96eb3ef09ec8c87140f4c384e599754b07",
          "windowFrom": "2026-09-30T12:47:49.000Z",
          "windowTo": "2026-09-30T12:47:49.000Z"
        },
        {
          "adapterId": "git-observation",
          "expectedItems": null,
          "gaps": [
            {
              "code": "observation-not-history",
              "message": "Working-tree state is sampled only when collect runs; edits made and reverted between observations are not seen."
            },
            {
              "code": "reflog-local-retention",
              "message": "Branch reflog is local to this clone and expires with git gc; branches fetched or created elsewhere have no creation entry."
            },
            {
              "code": "no-ai-attribution",
              "message": "Git observation carries no evidence of who or what authored a change; attribution stays unassigned."
            }
          ],
          "observedItems": 3,
          "state": "partial",
          "watermark": "2026-09-30T12:47:51.648Z",
          "windowFrom": "2026-09-30T12:47:17.000Z",
          "windowTo": "2026-09-30T12:47:51.648Z"
        },
        {
          "adapterId": "local-test",
          "expectedItems": 1,
          "gaps": [
            {
              "code": "command-sessions-absent",
              "message": "No command session file supplied; test results are not joined to commands."
            }
          ],
          "observedItems": 1,
          "state": "complete",
          "watermark": null,
          "windowFrom": null,
          "windowTo": null
        }
      ],
      "definition": {
        "description": "Source-reported billed charge in USD.",
        "id": "dx.ai-usage.money.charge",
        "unit": "usd",
        "version": "1.0.0"
      },
      "denominator": null,
      "evidenceIds": [],
      "measurement": "unavailable",
      "method": "source-reported",
      "metricId": "dx.ai-usage.money.charge",
      "numerator": null,
      "reason": "no selected source reported a charge amount in USD",
      "unit": "usd",
      "value": null
    },
    {
      "asOf": "2026-09-30T12:47:52.544Z",
      "attribution": "not-applicable",
      "checkpoint": null,
      "coverage": [
        {
          "adapterId": "cursor-cli",
          "expectedItems": 77,
          "gaps": [
            {
              "code": "no-cost-in-cli-output",
              "message": "cursor-agent print output reports no charge or price; money stays unavailable from this source."
            },
            {
              "code": "no-reasoning-tokens",
              "message": "cursor-agent usage reports input/output/cacheRead/cacheWrite only; reasoning tokens are unavailable."
            },
            {
              "code": "no-branch-in-cli-output",
              "message": "CLI output carries cwd but no Git branch; branch comes from the collect context only."
            },
            {
              "code": "may-overlap-hooks-stop",
              "message": "The same turn may also be reported by Cursor Stop hooks; correlation must collapse by session/request, never sum."
            }
          ],
          "observedItems": 1,
          "state": "partial",
          "watermark": "2026-09-30T12:47:49.059Z",
          "windowFrom": "2026-09-30T12:47:49.059Z",
          "windowTo": "2026-09-30T12:47:49.059Z"
        },
        {
          "adapterId": "cursor-hooks",
          "expectedItems": 20,
          "gaps": [
            {
              "code": "hooks-begin-at-install",
              "message": "hook events exist only after project .cursor/hooks.json is installed; earlier history needs a labelled import"
            },
            {
              "code": "stop-usage-unverified",
              "message": "stop-hook token/cost fields are kept raw with semanticsVerified=false and must not be summed until a semantic probe passes"
            },
            {
              "code": "live-capture-not-demonstrated",
              "message": "no authenticated cursor-agent session was available to this worker; payload shapes come from documented fixtures"
            }
          ],
          "observedItems": 20,
          "state": "complete",
          "watermark": "001790772469504-49bf9b675ef5b5399830fd42.json",
          "windowFrom": "2026-09-30T12:47:20.849Z",
          "windowTo": "2026-09-30T12:47:49.504Z"
        },
        {
          "adapterId": "cursor-transcripts",
          "expectedItems": null,
          "gaps": [
            {
              "code": "charge-unavailable",
              "message": "Cursor transcripts carry no billed charge; money stays unavailable unless a billing source is imported"
            },
            {
              "code": "malformed-lines",
              "message": "1 line(s) were not transcript JSON and were skipped"
            },
            {
              "code": "usage-unavailable",
              "message": "1 turn(s) had no usage fields; tokens unavailable (visible-text estimate only)"
            },
            {
              "code": "timestamps-absent",
              "message": "1 turn(s) have no per-turn timestamp in the transcript; occurredAt unknown"
            }
          ],
          "observedItems": 1,
          "state": "partial",
          "watermark": null,
          "windowFrom": null,
          "windowTo": null
        },
        {
          "adapterId": "git-history",
          "expectedItems": 1,
          "gaps": [],
          "observedItems": 1,
          "state": "complete",
          "watermark": "dc4e0d96eb3ef09ec8c87140f4c384e599754b07",
          "windowFrom": "2026-09-30T12:47:49.000Z",
          "windowTo": "2026-09-30T12:47:49.000Z"
        },
        {
          "adapterId": "git-observation",
          "expectedItems": null,
          "gaps": [
            {
              "code": "observation-not-history",
              "message": "Working-tree state is sampled only when collect runs; edits made and reverted between observations are not seen."
            },
            {
              "code": "reflog-local-retention",
              "message": "Branch reflog is local to this clone and expires with git gc; branches fetched or created elsewhere have no creation entry."
            },
            {
              "code": "no-ai-attribution",
              "message": "Git observation carries no evidence of who or what authored a change; attribution stays unassigned."
            }
          ],
          "observedItems": 3,
          "state": "partial",
          "watermark": "2026-09-30T12:47:51.648Z",
          "windowFrom": "2026-09-30T12:47:17.000Z",
          "windowTo": "2026-09-30T12:47:51.648Z"
        },
        {
          "adapterId": "local-test",
          "expectedItems": 1,
          "gaps": [
            {
              "code": "command-sessions-absent",
              "message": "No command session file supplied; test results are not joined to commands."
            }
          ],
          "observedItems": 1,
          "state": "complete",
          "watermark": null,
          "windowFrom": null,
          "windowTo": null
        }
      ],
      "definition": {
        "description": "List-price estimate in USD (method=estimated); never a billed charge.",
        "id": "dx.ai-usage.money.list-price-estimate",
        "unit": "usd",
        "version": "1.0.0"
      },
      "denominator": null,
      "evidenceIds": [],
      "measurement": "unavailable",
      "method": "source-reported",
      "metricId": "dx.ai-usage.money.list-price-estimate",
      "numerator": null,
      "reason": "no selected source reported a list-price-estimate amount in USD",
      "unit": "usd",
      "value": null
    },
    {
      "asOf": "2026-09-30T12:47:52.544Z",
      "attribution": "not-applicable",
      "checkpoint": null,
      "coverage": [
        {
          "adapterId": "cursor-cli",
          "expectedItems": 77,
          "gaps": [
            {
              "code": "no-cost-in-cli-output",
              "message": "cursor-agent print output reports no charge or price; money stays unavailable from this source."
            },
            {
              "code": "no-reasoning-tokens",
              "message": "cursor-agent usage reports input/output/cacheRead/cacheWrite only; reasoning tokens are unavailable."
            },
            {
              "code": "no-branch-in-cli-output",
              "message": "CLI output carries cwd but no Git branch; branch comes from the collect context only."
            },
            {
              "code": "may-overlap-hooks-stop",
              "message": "The same turn may also be reported by Cursor Stop hooks; correlation must collapse by session/request, never sum."
            }
          ],
          "observedItems": 1,
          "state": "partial",
          "watermark": "2026-09-30T12:47:49.059Z",
          "windowFrom": "2026-09-30T12:47:49.059Z",
          "windowTo": "2026-09-30T12:47:49.059Z"
        },
        {
          "adapterId": "cursor-hooks",
          "expectedItems": 20,
          "gaps": [
            {
              "code": "hooks-begin-at-install",
              "message": "hook events exist only after project .cursor/hooks.json is installed; earlier history needs a labelled import"
            },
            {
              "code": "stop-usage-unverified",
              "message": "stop-hook token/cost fields are kept raw with semanticsVerified=false and must not be summed until a semantic probe passes"
            },
            {
              "code": "live-capture-not-demonstrated",
              "message": "no authenticated cursor-agent session was available to this worker; payload shapes come from documented fixtures"
            }
          ],
          "observedItems": 20,
          "state": "complete",
          "watermark": "001790772469504-49bf9b675ef5b5399830fd42.json",
          "windowFrom": "2026-09-30T12:47:20.849Z",
          "windowTo": "2026-09-30T12:47:49.504Z"
        },
        {
          "adapterId": "cursor-transcripts",
          "expectedItems": null,
          "gaps": [
            {
              "code": "charge-unavailable",
              "message": "Cursor transcripts carry no billed charge; money stays unavailable unless a billing source is imported"
            },
            {
              "code": "malformed-lines",
              "message": "1 line(s) were not transcript JSON and were skipped"
            },
            {
              "code": "usage-unavailable",
              "message": "1 turn(s) had no usage fields; tokens unavailable (visible-text estimate only)"
            },
            {
              "code": "timestamps-absent",
              "message": "1 turn(s) have no per-turn timestamp in the transcript; occurredAt unknown"
            }
          ],
          "observedItems": 1,
          "state": "partial",
          "watermark": null,
          "windowFrom": null,
          "windowTo": null
        },
        {
          "adapterId": "git-history",
          "expectedItems": 1,
          "gaps": [],
          "observedItems": 1,
          "state": "complete",
          "watermark": "dc4e0d96eb3ef09ec8c87140f4c384e599754b07",
          "windowFrom": "2026-09-30T12:47:49.000Z",
          "windowTo": "2026-09-30T12:47:49.000Z"
        },
        {
          "adapterId": "git-observation",
          "expectedItems": null,
          "gaps": [
            {
              "code": "observation-not-history",
              "message": "Working-tree state is sampled only when collect runs; edits made and reverted between observations are not seen."
            },
            {
              "code": "reflog-local-retention",
              "message": "Branch reflog is local to this clone and expires with git gc; branches fetched or created elsewhere have no creation entry."
            },
            {
              "code": "no-ai-attribution",
              "message": "Git observation carries no evidence of who or what authored a change; attribution stays unassigned."
            }
          ],
          "observedItems": 3,
          "state": "partial",
          "watermark": "2026-09-30T12:47:51.648Z",
          "windowFrom": "2026-09-30T12:47:17.000Z",
          "windowTo": "2026-09-30T12:47:51.648Z"
        },
        {
          "adapterId": "local-test",
          "expectedItems": 1,
          "gaps": [
            {
              "code": "command-sessions-absent",
              "message": "No command session file supplied; test results are not joined to commands."
            }
          ],
          "observedItems": 1,
          "state": "complete",
          "watermark": null,
          "windowFrom": null,
          "windowTo": null
        }
      ],
      "definition": {
        "description": "Source-reported metered usage value in USD; not necessarily billed.",
        "id": "dx.ai-usage.money.metered",
        "unit": "usd",
        "version": "1.0.0"
      },
      "denominator": null,
      "evidenceIds": [],
      "measurement": "unavailable",
      "method": "source-reported",
      "metricId": "dx.ai-usage.money.metered",
      "numerator": null,
      "reason": "no selected source reported a metered amount in USD",
      "unit": "usd",
      "value": null
    },
    {
      "asOf": "2026-09-30T12:47:52.544Z",
      "attribution": "not-applicable",
      "checkpoint": null,
      "coverage": [
        {
          "adapterId": "cursor-cli",
          "expectedItems": 77,
          "gaps": [
            {
              "code": "no-cost-in-cli-output",
              "message": "cursor-agent print output reports no charge or price; money stays unavailable from this source."
            },
            {
              "code": "no-reasoning-tokens",
              "message": "cursor-agent usage reports input/output/cacheRead/cacheWrite only; reasoning tokens are unavailable."
            },
            {
              "code": "no-branch-in-cli-output",
              "message": "CLI output carries cwd but no Git branch; branch comes from the collect context only."
            },
            {
              "code": "may-overlap-hooks-stop",
              "message": "The same turn may also be reported by Cursor Stop hooks; correlation must collapse by session/request, never sum."
            }
          ],
          "observedItems": 1,
          "state": "partial",
          "watermark": "2026-09-30T12:47:49.059Z",
          "windowFrom": "2026-09-30T12:47:49.059Z",
          "windowTo": "2026-09-30T12:47:49.059Z"
        },
        {
          "adapterId": "cursor-hooks",
          "expectedItems": 20,
          "gaps": [
            {
              "code": "hooks-begin-at-install",
              "message": "hook events exist only after project .cursor/hooks.json is installed; earlier history needs a labelled import"
            },
            {
              "code": "stop-usage-unverified",
              "message": "stop-hook token/cost fields are kept raw with semanticsVerified=false and must not be summed until a semantic probe passes"
            },
            {
              "code": "live-capture-not-demonstrated",
              "message": "no authenticated cursor-agent session was available to this worker; payload shapes come from documented fixtures"
            }
          ],
          "observedItems": 20,
          "state": "complete",
          "watermark": "001790772469504-49bf9b675ef5b5399830fd42.json",
          "windowFrom": "2026-09-30T12:47:20.849Z",
          "windowTo": "2026-09-30T12:47:49.504Z"
        },
        {
          "adapterId": "cursor-transcripts",
          "expectedItems": null,
          "gaps": [
            {
              "code": "charge-unavailable",
              "message": "Cursor transcripts carry no billed charge; money stays unavailable unless a billing source is imported"
            },
            {
              "code": "malformed-lines",
              "message": "1 line(s) were not transcript JSON and were skipped"
            },
            {
              "code": "usage-unavailable",
              "message": "1 turn(s) had no usage fields; tokens unavailable (visible-text estimate only)"
            },
            {
              "code": "timestamps-absent",
              "message": "1 turn(s) have no per-turn timestamp in the transcript; occurredAt unknown"
            }
          ],
          "observedItems": 1,
          "state": "partial",
          "watermark": null,
          "windowFrom": null,
          "windowTo": null
        },
        {
          "adapterId": "git-history",
          "expectedItems": 1,
          "gaps": [],
          "observedItems": 1,
          "state": "complete",
          "watermark": "dc4e0d96eb3ef09ec8c87140f4c384e599754b07",
          "windowFrom": "2026-09-30T12:47:49.000Z",
          "windowTo": "2026-09-30T12:47:49.000Z"
        },
        {
          "adapterId": "git-observation",
          "expectedItems": null,
          "gaps": [
            {
              "code": "observation-not-history",
              "message": "Working-tree state is sampled only when collect runs; edits made and reverted between observations are not seen."
            },
            {
              "code": "reflog-local-retention",
              "message": "Branch reflog is local to this clone and expires with git gc; branches fetched or created elsewhere have no creation entry."
            },
            {
              "code": "no-ai-attribution",
              "message": "Git observation carries no evidence of who or what authored a change; attribution stays unassigned."
            }
          ],
          "observedItems": 3,
          "state": "partial",
          "watermark": "2026-09-30T12:47:51.648Z",
          "windowFrom": "2026-09-30T12:47:17.000Z",
          "windowTo": "2026-09-30T12:47:51.648Z"
        },
        {
          "adapterId": "local-test",
          "expectedItems": 1,
          "gaps": [
            {
              "code": "command-sessions-absent",
              "message": "No command session file supplied; test results are not joined to commands."
            }
          ],
          "observedItems": 1,
          "state": "complete",
          "watermark": null,
          "windowFrom": null,
          "windowTo": null
        }
      ],
      "definition": {
        "description": "Source-reported USD amounts whose billing status is unknown.",
        "id": "dx.ai-usage.money.unallocated",
        "unit": "usd",
        "version": "1.0.0"
      },
      "denominator": null,
      "evidenceIds": [],
      "measurement": "unavailable",
      "method": "source-reported",
      "metricId": "dx.ai-usage.money.unallocated",
      "numerator": null,
      "reason": "no selected source reported a unallocated amount in USD",
      "unit": "usd",
      "value": null
    },
    {
      "asOf": "2026-09-30T12:47:52.544Z",
      "attribution": "strong",
      "checkpoint": null,
      "coverage": [
        {
          "adapterId": "cursor-cli",
          "expectedItems": 77,
          "gaps": [
            {
              "code": "no-cost-in-cli-output",
              "message": "cursor-agent print output reports no charge or price; money stays unavailable from this source."
            },
            {
              "code": "no-reasoning-tokens",
              "message": "cursor-agent usage reports input/output/cacheRead/cacheWrite only; reasoning tokens are unavailable."
            },
            {
              "code": "no-branch-in-cli-output",
              "message": "CLI output carries cwd but no Git branch; branch comes from the collect context only."
            },
            {
              "code": "may-overlap-hooks-stop",
              "message": "The same turn may also be reported by Cursor Stop hooks; correlation must collapse by session/request, never sum."
            }
          ],
          "observedItems": 1,
          "state": "partial",
          "watermark": "2026-09-30T12:47:49.059Z",
          "windowFrom": "2026-09-30T12:47:49.059Z",
          "windowTo": "2026-09-30T12:47:49.059Z"
        },
        {
          "adapterId": "cursor-hooks",
          "expectedItems": 20,
          "gaps": [
            {
              "code": "hooks-begin-at-install",
              "message": "hook events exist only after project .cursor/hooks.json is installed; earlier history needs a labelled import"
            },
            {
              "code": "stop-usage-unverified",
              "message": "stop-hook token/cost fields are kept raw with semanticsVerified=false and must not be summed until a semantic probe passes"
            },
            {
              "code": "live-capture-not-demonstrated",
              "message": "no authenticated cursor-agent session was available to this worker; payload shapes come from documented fixtures"
            }
          ],
          "observedItems": 20,
          "state": "complete",
          "watermark": "001790772469504-49bf9b675ef5b5399830fd42.json",
          "windowFrom": "2026-09-30T12:47:20.849Z",
          "windowTo": "2026-09-30T12:47:49.504Z"
        },
        {
          "adapterId": "cursor-transcripts",
          "expectedItems": null,
          "gaps": [
            {
              "code": "charge-unavailable",
              "message": "Cursor transcripts carry no billed charge; money stays unavailable unless a billing source is imported"
            },
            {
              "code": "malformed-lines",
              "message": "1 line(s) were not transcript JSON and were skipped"
            },
            {
              "code": "usage-unavailable",
              "message": "1 turn(s) had no usage fields; tokens unavailable (visible-text estimate only)"
            },
            {
              "code": "timestamps-absent",
              "message": "1 turn(s) have no per-turn timestamp in the transcript; occurredAt unknown"
            }
          ],
          "observedItems": 1,
          "state": "partial",
          "watermark": null,
          "windowFrom": null,
          "windowTo": null
        },
        {
          "adapterId": "git-history",
          "expectedItems": 1,
          "gaps": [],
          "observedItems": 1,
          "state": "complete",
          "watermark": "dc4e0d96eb3ef09ec8c87140f4c384e599754b07",
          "windowFrom": "2026-09-30T12:47:49.000Z",
          "windowTo": "2026-09-30T12:47:49.000Z"
        },
        {
          "adapterId": "git-observation",
          "expectedItems": null,
          "gaps": [
            {
              "code": "observation-not-history",
              "message": "Working-tree state is sampled only when collect runs; edits made and reverted between observations are not seen."
            },
            {
              "code": "reflog-local-retention",
              "message": "Branch reflog is local to this clone and expires with git gc; branches fetched or created elsewhere have no creation entry."
            },
            {
              "code": "no-ai-attribution",
              "message": "Git observation carries no evidence of who or what authored a change; attribution stays unassigned."
            }
          ],
          "observedItems": 3,
          "state": "partial",
          "watermark": "2026-09-30T12:47:51.648Z",
          "windowFrom": "2026-09-30T12:47:17.000Z",
          "windowTo": "2026-09-30T12:47:51.648Z"
        },
        {
          "adapterId": "local-test",
          "expectedItems": 1,
          "gaps": [
            {
              "code": "command-sessions-absent",
              "message": "No command session file supplied; test results are not joined to commands."
            }
          ],
          "observedItems": 1,
          "state": "complete",
          "watermark": null,
          "windowFrom": null,
          "windowTo": null
        }
      ],
      "definition": {
        "description": "Distinct AI requests/turns carrying usage after overlap collapse.",
        "id": "dx.ai-usage.requests",
        "unit": "requests",
        "version": "1.0.0"
      },
      "denominator": null,
      "evidenceIds": [
        "sha256:d688b60475907ef1f3326ec13acb1d95c0fb248b250feeb59b1a96ce8fa61f7c"
      ],
      "measurement": "measured",
      "method": "derived",
      "metricId": "dx.ai-usage.requests",
      "numerator": null,
      "reason": null,
      "unit": "requests",
      "value": 1
    },
    {
      "asOf": "2026-09-30T12:47:52.544Z",
      "attribution": "strong",
      "checkpoint": null,
      "coverage": [
        {
          "adapterId": "cursor-cli",
          "expectedItems": 77,
          "gaps": [
            {
              "code": "no-cost-in-cli-output",
              "message": "cursor-agent print output reports no charge or price; money stays unavailable from this source."
            },
            {
              "code": "no-reasoning-tokens",
              "message": "cursor-agent usage reports input/output/cacheRead/cacheWrite only; reasoning tokens are unavailable."
            },
            {
              "code": "no-branch-in-cli-output",
              "message": "CLI output carries cwd but no Git branch; branch comes from the collect context only."
            },
            {
              "code": "may-overlap-hooks-stop",
              "message": "The same turn may also be reported by Cursor Stop hooks; correlation must collapse by session/request, never sum."
            }
          ],
          "observedItems": 1,
          "state": "partial",
          "watermark": "2026-09-30T12:47:49.059Z",
          "windowFrom": "2026-09-30T12:47:49.059Z",
          "windowTo": "2026-09-30T12:47:49.059Z"
        },
        {
          "adapterId": "cursor-hooks",
          "expectedItems": 20,
          "gaps": [
            {
              "code": "hooks-begin-at-install",
              "message": "hook events exist only after project .cursor/hooks.json is installed; earlier history needs a labelled import"
            },
            {
              "code": "stop-usage-unverified",
              "message": "stop-hook token/cost fields are kept raw with semanticsVerified=false and must not be summed until a semantic probe passes"
            },
            {
              "code": "live-capture-not-demonstrated",
              "message": "no authenticated cursor-agent session was available to this worker; payload shapes come from documented fixtures"
            }
          ],
          "observedItems": 20,
          "state": "complete",
          "watermark": "001790772469504-49bf9b675ef5b5399830fd42.json",
          "windowFrom": "2026-09-30T12:47:20.849Z",
          "windowTo": "2026-09-30T12:47:49.504Z"
        },
        {
          "adapterId": "cursor-transcripts",
          "expectedItems": null,
          "gaps": [
            {
              "code": "charge-unavailable",
              "message": "Cursor transcripts carry no billed charge; money stays unavailable unless a billing source is imported"
            },
            {
              "code": "malformed-lines",
              "message": "1 line(s) were not transcript JSON and were skipped"
            },
            {
              "code": "usage-unavailable",
              "message": "1 turn(s) had no usage fields; tokens unavailable (visible-text estimate only)"
            },
            {
              "code": "timestamps-absent",
              "message": "1 turn(s) have no per-turn timestamp in the transcript; occurredAt unknown"
            }
          ],
          "observedItems": 1,
          "state": "partial",
          "watermark": null,
          "windowFrom": null,
          "windowTo": null
        },
        {
          "adapterId": "git-history",
          "expectedItems": 1,
          "gaps": [],
          "observedItems": 1,
          "state": "complete",
          "watermark": "dc4e0d96eb3ef09ec8c87140f4c384e599754b07",
          "windowFrom": "2026-09-30T12:47:49.000Z",
          "windowTo": "2026-09-30T12:47:49.000Z"
        },
        {
          "adapterId": "git-observation",
          "expectedItems": null,
          "gaps": [
            {
              "code": "observation-not-history",
              "message": "Working-tree state is sampled only when collect runs; edits made and reverted between observations are not seen."
            },
            {
              "code": "reflog-local-retention",
              "message": "Branch reflog is local to this clone and expires with git gc; branches fetched or created elsewhere have no creation entry."
            },
            {
              "code": "no-ai-attribution",
              "message": "Git observation carries no evidence of who or what authored a change; attribution stays unassigned."
            }
          ],
          "observedItems": 3,
          "state": "partial",
          "watermark": "2026-09-30T12:47:51.648Z",
          "windowFrom": "2026-09-30T12:47:17.000Z",
          "windowTo": "2026-09-30T12:47:51.648Z"
        },
        {
          "adapterId": "local-test",
          "expectedItems": 1,
          "gaps": [
            {
              "code": "command-sessions-absent",
              "message": "No command session file supplied; test results are not joined to commands."
            }
          ],
          "observedItems": 1,
          "state": "complete",
          "watermark": null,
          "windowFrom": null,
          "windowTo": null
        }
      ],
      "definition": {
        "description": "AI cache-write tokens after request/turn deduplication and source precedence; aggregate and unresolved ledgers excluded.",
        "id": "dx.ai-usage.tokens.cache-write",
        "unit": "tokens",
        "version": "1.0.0"
      },
      "denominator": null,
      "evidenceIds": [
        "sha256:d688b60475907ef1f3326ec13acb1d95c0fb248b250feeb59b1a96ce8fa61f7c"
      ],
      "measurement": "measured",
      "method": "source-reported",
      "metricId": "dx.ai-usage.tokens.cache-write",
      "numerator": null,
      "reason": null,
      "unit": "tokens",
      "value": 0
    },
    {
      "asOf": "2026-09-30T12:47:52.544Z",
      "attribution": "strong",
      "checkpoint": null,
      "coverage": [
        {
          "adapterId": "cursor-cli",
          "expectedItems": 77,
          "gaps": [
            {
              "code": "no-cost-in-cli-output",
              "message": "cursor-agent print output reports no charge or price; money stays unavailable from this source."
            },
            {
              "code": "no-reasoning-tokens",
              "message": "cursor-agent usage reports input/output/cacheRead/cacheWrite only; reasoning tokens are unavailable."
            },
            {
              "code": "no-branch-in-cli-output",
              "message": "CLI output carries cwd but no Git branch; branch comes from the collect context only."
            },
            {
              "code": "may-overlap-hooks-stop",
              "message": "The same turn may also be reported by Cursor Stop hooks; correlation must collapse by session/request, never sum."
            }
          ],
          "observedItems": 1,
          "state": "partial",
          "watermark": "2026-09-30T12:47:49.059Z",
          "windowFrom": "2026-09-30T12:47:49.059Z",
          "windowTo": "2026-09-30T12:47:49.059Z"
        },
        {
          "adapterId": "cursor-hooks",
          "expectedItems": 20,
          "gaps": [
            {
              "code": "hooks-begin-at-install",
              "message": "hook events exist only after project .cursor/hooks.json is installed; earlier history needs a labelled import"
            },
            {
              "code": "stop-usage-unverified",
              "message": "stop-hook token/cost fields are kept raw with semanticsVerified=false and must not be summed until a semantic probe passes"
            },
            {
              "code": "live-capture-not-demonstrated",
              "message": "no authenticated cursor-agent session was available to this worker; payload shapes come from documented fixtures"
            }
          ],
          "observedItems": 20,
          "state": "complete",
          "watermark": "001790772469504-49bf9b675ef5b5399830fd42.json",
          "windowFrom": "2026-09-30T12:47:20.849Z",
          "windowTo": "2026-09-30T12:47:49.504Z"
        },
        {
          "adapterId": "cursor-transcripts",
          "expectedItems": null,
          "gaps": [
            {
              "code": "charge-unavailable",
              "message": "Cursor transcripts carry no billed charge; money stays unavailable unless a billing source is imported"
            },
            {
              "code": "malformed-lines",
              "message": "1 line(s) were not transcript JSON and were skipped"
            },
            {
              "code": "usage-unavailable",
              "message": "1 turn(s) had no usage fields; tokens unavailable (visible-text estimate only)"
            },
            {
              "code": "timestamps-absent",
              "message": "1 turn(s) have no per-turn timestamp in the transcript; occurredAt unknown"
            }
          ],
          "observedItems": 1,
          "state": "partial",
          "watermark": null,
          "windowFrom": null,
          "windowTo": null
        },
        {
          "adapterId": "git-history",
          "expectedItems": 1,
          "gaps": [],
          "observedItems": 1,
          "state": "complete",
          "watermark": "dc4e0d96eb3ef09ec8c87140f4c384e599754b07",
          "windowFrom": "2026-09-30T12:47:49.000Z",
          "windowTo": "2026-09-30T12:47:49.000Z"
        },
        {
          "adapterId": "git-observation",
          "expectedItems": null,
          "gaps": [
            {
              "code": "observation-not-history",
              "message": "Working-tree state is sampled only when collect runs; edits made and reverted between observations are not seen."
            },
            {
              "code": "reflog-local-retention",
              "message": "Branch reflog is local to this clone and expires with git gc; branches fetched or created elsewhere have no creation entry."
            },
            {
              "code": "no-ai-attribution",
              "message": "Git observation carries no evidence of who or what authored a change; attribution stays unassigned."
            }
          ],
          "observedItems": 3,
          "state": "partial",
          "watermark": "2026-09-30T12:47:51.648Z",
          "windowFrom": "2026-09-30T12:47:17.000Z",
          "windowTo": "2026-09-30T12:47:51.648Z"
        },
        {
          "adapterId": "local-test",
          "expectedItems": 1,
          "gaps": [
            {
              "code": "command-sessions-absent",
              "message": "No command session file supplied; test results are not joined to commands."
            }
          ],
          "observedItems": 1,
          "state": "complete",
          "watermark": null,
          "windowFrom": null,
          "windowTo": null
        }
      ],
      "definition": {
        "description": "AI cached-input tokens after request/turn deduplication and source precedence; aggregate and unresolved ledgers excluded.",
        "id": "dx.ai-usage.tokens.cached-input",
        "unit": "tokens",
        "version": "1.0.0"
      },
      "denominator": null,
      "evidenceIds": [
        "sha256:d688b60475907ef1f3326ec13acb1d95c0fb248b250feeb59b1a96ce8fa61f7c"
      ],
      "measurement": "measured",
      "method": "source-reported",
      "metricId": "dx.ai-usage.tokens.cached-input",
      "numerator": null,
      "reason": null,
      "unit": "tokens",
      "value": 153984
    },
    {
      "asOf": "2026-09-30T12:47:52.544Z",
      "attribution": "strong",
      "checkpoint": null,
      "coverage": [
        {
          "adapterId": "cursor-cli",
          "expectedItems": 77,
          "gaps": [
            {
              "code": "no-cost-in-cli-output",
              "message": "cursor-agent print output reports no charge or price; money stays unavailable from this source."
            },
            {
              "code": "no-reasoning-tokens",
              "message": "cursor-agent usage reports input/output/cacheRead/cacheWrite only; reasoning tokens are unavailable."
            },
            {
              "code": "no-branch-in-cli-output",
              "message": "CLI output carries cwd but no Git branch; branch comes from the collect context only."
            },
            {
              "code": "may-overlap-hooks-stop",
              "message": "The same turn may also be reported by Cursor Stop hooks; correlation must collapse by session/request, never sum."
            }
          ],
          "observedItems": 1,
          "state": "partial",
          "watermark": "2026-09-30T12:47:49.059Z",
          "windowFrom": "2026-09-30T12:47:49.059Z",
          "windowTo": "2026-09-30T12:47:49.059Z"
        },
        {
          "adapterId": "cursor-hooks",
          "expectedItems": 20,
          "gaps": [
            {
              "code": "hooks-begin-at-install",
              "message": "hook events exist only after project .cursor/hooks.json is installed; earlier history needs a labelled import"
            },
            {
              "code": "stop-usage-unverified",
              "message": "stop-hook token/cost fields are kept raw with semanticsVerified=false and must not be summed until a semantic probe passes"
            },
            {
              "code": "live-capture-not-demonstrated",
              "message": "no authenticated cursor-agent session was available to this worker; payload shapes come from documented fixtures"
            }
          ],
          "observedItems": 20,
          "state": "complete",
          "watermark": "001790772469504-49bf9b675ef5b5399830fd42.json",
          "windowFrom": "2026-09-30T12:47:20.849Z",
          "windowTo": "2026-09-30T12:47:49.504Z"
        },
        {
          "adapterId": "cursor-transcripts",
          "expectedItems": null,
          "gaps": [
            {
              "code": "charge-unavailable",
              "message": "Cursor transcripts carry no billed charge; money stays unavailable unless a billing source is imported"
            },
            {
              "code": "malformed-lines",
              "message": "1 line(s) were not transcript JSON and were skipped"
            },
            {
              "code": "usage-unavailable",
              "message": "1 turn(s) had no usage fields; tokens unavailable (visible-text estimate only)"
            },
            {
              "code": "timestamps-absent",
              "message": "1 turn(s) have no per-turn timestamp in the transcript; occurredAt unknown"
            }
          ],
          "observedItems": 1,
          "state": "partial",
          "watermark": null,
          "windowFrom": null,
          "windowTo": null
        },
        {
          "adapterId": "git-history",
          "expectedItems": 1,
          "gaps": [],
          "observedItems": 1,
          "state": "complete",
          "watermark": "dc4e0d96eb3ef09ec8c87140f4c384e599754b07",
          "windowFrom": "2026-09-30T12:47:49.000Z",
          "windowTo": "2026-09-30T12:47:49.000Z"
        },
        {
          "adapterId": "git-observation",
          "expectedItems": null,
          "gaps": [
            {
              "code": "observation-not-history",
              "message": "Working-tree state is sampled only when collect runs; edits made and reverted between observations are not seen."
            },
            {
              "code": "reflog-local-retention",
              "message": "Branch reflog is local to this clone and expires with git gc; branches fetched or created elsewhere have no creation entry."
            },
            {
              "code": "no-ai-attribution",
              "message": "Git observation carries no evidence of who or what authored a change; attribution stays unassigned."
            }
          ],
          "observedItems": 3,
          "state": "partial",
          "watermark": "2026-09-30T12:47:51.648Z",
          "windowFrom": "2026-09-30T12:47:17.000Z",
          "windowTo": "2026-09-30T12:47:51.648Z"
        },
        {
          "adapterId": "local-test",
          "expectedItems": 1,
          "gaps": [
            {
              "code": "command-sessions-absent",
              "message": "No command session file supplied; test results are not joined to commands."
            }
          ],
          "observedItems": 1,
          "state": "complete",
          "watermark": null,
          "windowFrom": null,
          "windowTo": null
        }
      ],
      "definition": {
        "description": "AI input tokens after request/turn deduplication and source precedence; aggregate and unresolved ledgers excluded.",
        "id": "dx.ai-usage.tokens.input",
        "unit": "tokens",
        "version": "1.0.0"
      },
      "denominator": null,
      "evidenceIds": [
        "sha256:d688b60475907ef1f3326ec13acb1d95c0fb248b250feeb59b1a96ce8fa61f7c"
      ],
      "measurement": "measured",
      "method": "source-reported",
      "metricId": "dx.ai-usage.tokens.input",
      "numerator": null,
      "reason": null,
      "unit": "tokens",
      "value": 22150
    },
    {
      "asOf": "2026-09-30T12:47:52.544Z",
      "attribution": "strong",
      "checkpoint": null,
      "coverage": [
        {
          "adapterId": "cursor-cli",
          "expectedItems": 77,
          "gaps": [
            {
              "code": "no-cost-in-cli-output",
              "message": "cursor-agent print output reports no charge or price; money stays unavailable from this source."
            },
            {
              "code": "no-reasoning-tokens",
              "message": "cursor-agent usage reports input/output/cacheRead/cacheWrite only; reasoning tokens are unavailable."
            },
            {
              "code": "no-branch-in-cli-output",
              "message": "CLI output carries cwd but no Git branch; branch comes from the collect context only."
            },
            {
              "code": "may-overlap-hooks-stop",
              "message": "The same turn may also be reported by Cursor Stop hooks; correlation must collapse by session/request, never sum."
            }
          ],
          "observedItems": 1,
          "state": "partial",
          "watermark": "2026-09-30T12:47:49.059Z",
          "windowFrom": "2026-09-30T12:47:49.059Z",
          "windowTo": "2026-09-30T12:47:49.059Z"
        },
        {
          "adapterId": "cursor-hooks",
          "expectedItems": 20,
          "gaps": [
            {
              "code": "hooks-begin-at-install",
              "message": "hook events exist only after project .cursor/hooks.json is installed; earlier history needs a labelled import"
            },
            {
              "code": "stop-usage-unverified",
              "message": "stop-hook token/cost fields are kept raw with semanticsVerified=false and must not be summed until a semantic probe passes"
            },
            {
              "code": "live-capture-not-demonstrated",
              "message": "no authenticated cursor-agent session was available to this worker; payload shapes come from documented fixtures"
            }
          ],
          "observedItems": 20,
          "state": "complete",
          "watermark": "001790772469504-49bf9b675ef5b5399830fd42.json",
          "windowFrom": "2026-09-30T12:47:20.849Z",
          "windowTo": "2026-09-30T12:47:49.504Z"
        },
        {
          "adapterId": "cursor-transcripts",
          "expectedItems": null,
          "gaps": [
            {
              "code": "charge-unavailable",
              "message": "Cursor transcripts carry no billed charge; money stays unavailable unless a billing source is imported"
            },
            {
              "code": "malformed-lines",
              "message": "1 line(s) were not transcript JSON and were skipped"
            },
            {
              "code": "usage-unavailable",
              "message": "1 turn(s) had no usage fields; tokens unavailable (visible-text estimate only)"
            },
            {
              "code": "timestamps-absent",
              "message": "1 turn(s) have no per-turn timestamp in the transcript; occurredAt unknown"
            }
          ],
          "observedItems": 1,
          "state": "partial",
          "watermark": null,
          "windowFrom": null,
          "windowTo": null
        },
        {
          "adapterId": "git-history",
          "expectedItems": 1,
          "gaps": [],
          "observedItems": 1,
          "state": "complete",
          "watermark": "dc4e0d96eb3ef09ec8c87140f4c384e599754b07",
          "windowFrom": "2026-09-30T12:47:49.000Z",
          "windowTo": "2026-09-30T12:47:49.000Z"
        },
        {
          "adapterId": "git-observation",
          "expectedItems": null,
          "gaps": [
            {
              "code": "observation-not-history",
              "message": "Working-tree state is sampled only when collect runs; edits made and reverted between observations are not seen."
            },
            {
              "code": "reflog-local-retention",
              "message": "Branch reflog is local to this clone and expires with git gc; branches fetched or created elsewhere have no creation entry."
            },
            {
              "code": "no-ai-attribution",
              "message": "Git observation carries no evidence of who or what authored a change; attribution stays unassigned."
            }
          ],
          "observedItems": 3,
          "state": "partial",
          "watermark": "2026-09-30T12:47:51.648Z",
          "windowFrom": "2026-09-30T12:47:17.000Z",
          "windowTo": "2026-09-30T12:47:51.648Z"
        },
        {
          "adapterId": "local-test",
          "expectedItems": 1,
          "gaps": [
            {
              "code": "command-sessions-absent",
              "message": "No command session file supplied; test results are not joined to commands."
            }
          ],
          "observedItems": 1,
          "state": "complete",
          "watermark": null,
          "windowFrom": null,
          "windowTo": null
        }
      ],
      "definition": {
        "description": "AI output tokens after request/turn deduplication and source precedence; aggregate and unresolved ledgers excluded.",
        "id": "dx.ai-usage.tokens.output",
        "unit": "tokens",
        "version": "1.0.0"
      },
      "denominator": null,
      "evidenceIds": [
        "sha256:d688b60475907ef1f3326ec13acb1d95c0fb248b250feeb59b1a96ce8fa61f7c"
      ],
      "measurement": "measured",
      "method": "source-reported",
      "metricId": "dx.ai-usage.tokens.output",
      "numerator": null,
      "reason": null,
      "unit": "tokens",
      "value": 1275
    },
    {
      "asOf": "2026-09-30T12:47:52.544Z",
      "attribution": "not-applicable",
      "checkpoint": null,
      "coverage": [
        {
          "adapterId": "cursor-cli",
          "expectedItems": 77,
          "gaps": [
            {
              "code": "no-cost-in-cli-output",
              "message": "cursor-agent print output reports no charge or price; money stays unavailable from this source."
            },
            {
              "code": "no-reasoning-tokens",
              "message": "cursor-agent usage reports input/output/cacheRead/cacheWrite only; reasoning tokens are unavailable."
            },
            {
              "code": "no-branch-in-cli-output",
              "message": "CLI output carries cwd but no Git branch; branch comes from the collect context only."
            },
            {
              "code": "may-overlap-hooks-stop",
              "message": "The same turn may also be reported by Cursor Stop hooks; correlation must collapse by session/request, never sum."
            }
          ],
          "observedItems": 1,
          "state": "partial",
          "watermark": "2026-09-30T12:47:49.059Z",
          "windowFrom": "2026-09-30T12:47:49.059Z",
          "windowTo": "2026-09-30T12:47:49.059Z"
        },
        {
          "adapterId": "cursor-hooks",
          "expectedItems": 20,
          "gaps": [
            {
              "code": "hooks-begin-at-install",
              "message": "hook events exist only after project .cursor/hooks.json is installed; earlier history needs a labelled import"
            },
            {
              "code": "stop-usage-unverified",
              "message": "stop-hook token/cost fields are kept raw with semanticsVerified=false and must not be summed until a semantic probe passes"
            },
            {
              "code": "live-capture-not-demonstrated",
              "message": "no authenticated cursor-agent session was available to this worker; payload shapes come from documented fixtures"
            }
          ],
          "observedItems": 20,
          "state": "complete",
          "watermark": "001790772469504-49bf9b675ef5b5399830fd42.json",
          "windowFrom": "2026-09-30T12:47:20.849Z",
          "windowTo": "2026-09-30T12:47:49.504Z"
        },
        {
          "adapterId": "cursor-transcripts",
          "expectedItems": null,
          "gaps": [
            {
              "code": "charge-unavailable",
              "message": "Cursor transcripts carry no billed charge; money stays unavailable unless a billing source is imported"
            },
            {
              "code": "malformed-lines",
              "message": "1 line(s) were not transcript JSON and were skipped"
            },
            {
              "code": "usage-unavailable",
              "message": "1 turn(s) had no usage fields; tokens unavailable (visible-text estimate only)"
            },
            {
              "code": "timestamps-absent",
              "message": "1 turn(s) have no per-turn timestamp in the transcript; occurredAt unknown"
            }
          ],
          "observedItems": 1,
          "state": "partial",
          "watermark": null,
          "windowFrom": null,
          "windowTo": null
        },
        {
          "adapterId": "git-history",
          "expectedItems": 1,
          "gaps": [],
          "observedItems": 1,
          "state": "complete",
          "watermark": "dc4e0d96eb3ef09ec8c87140f4c384e599754b07",
          "windowFrom": "2026-09-30T12:47:49.000Z",
          "windowTo": "2026-09-30T12:47:49.000Z"
        },
        {
          "adapterId": "git-observation",
          "expectedItems": null,
          "gaps": [
            {
              "code": "observation-not-history",
              "message": "Working-tree state is sampled only when collect runs; edits made and reverted between observations are not seen."
            },
            {
              "code": "reflog-local-retention",
              "message": "Branch reflog is local to this clone and expires with git gc; branches fetched or created elsewhere have no creation entry."
            },
            {
              "code": "no-ai-attribution",
              "message": "Git observation carries no evidence of who or what authored a change; attribution stays unassigned."
            }
          ],
          "observedItems": 3,
          "state": "partial",
          "watermark": "2026-09-30T12:47:51.648Z",
          "windowFrom": "2026-09-30T12:47:17.000Z",
          "windowTo": "2026-09-30T12:47:51.648Z"
        },
        {
          "adapterId": "local-test",
          "expectedItems": 1,
          "gaps": [
            {
              "code": "command-sessions-absent",
              "message": "No command session file supplied; test results are not joined to commands."
            }
          ],
          "observedItems": 1,
          "state": "complete",
          "watermark": null,
          "windowFrom": null,
          "windowTo": null
        }
      ],
      "definition": {
        "description": "AI reasoning tokens after request/turn deduplication and source precedence; aggregate and unresolved ledgers excluded.",
        "id": "dx.ai-usage.tokens.reasoning",
        "unit": "tokens",
        "version": "1.0.0"
      },
      "denominator": null,
      "evidenceIds": [],
      "measurement": "unavailable",
      "method": "source-reported",
      "metricId": "dx.ai-usage.tokens.reasoning",
      "numerator": null,
      "reason": "no selected source reported reasoning tokens",
      "unit": "tokens",
      "value": null
    },
    {
      "asOf": "2026-09-30T12:47:52.544Z",
      "attribution": "not-applicable",
      "checkpoint": null,
      "coverage": [
        {
          "adapterId": "cursor-cli",
          "expectedItems": 77,
          "gaps": [
            {
              "code": "no-cost-in-cli-output",
              "message": "cursor-agent print output reports no charge or price; money stays unavailable from this source."
            },
            {
              "code": "no-reasoning-tokens",
              "message": "cursor-agent usage reports input/output/cacheRead/cacheWrite only; reasoning tokens are unavailable."
            },
            {
              "code": "no-branch-in-cli-output",
              "message": "CLI output carries cwd but no Git branch; branch comes from the collect context only."
            },
            {
              "code": "may-overlap-hooks-stop",
              "message": "The same turn may also be reported by Cursor Stop hooks; correlation must collapse by session/request, never sum."
            }
          ],
          "observedItems": 1,
          "state": "partial",
          "watermark": "2026-09-30T12:47:49.059Z",
          "windowFrom": "2026-09-30T12:47:49.059Z",
          "windowTo": "2026-09-30T12:47:49.059Z"
        },
        {
          "adapterId": "cursor-hooks",
          "expectedItems": 20,
          "gaps": [
            {
              "code": "hooks-begin-at-install",
              "message": "hook events exist only after project .cursor/hooks.json is installed; earlier history needs a labelled import"
            },
            {
              "code": "stop-usage-unverified",
              "message": "stop-hook token/cost fields are kept raw with semanticsVerified=false and must not be summed until a semantic probe passes"
            },
            {
              "code": "live-capture-not-demonstrated",
              "message": "no authenticated cursor-agent session was available to this worker; payload shapes come from documented fixtures"
            }
          ],
          "observedItems": 20,
          "state": "complete",
          "watermark": "001790772469504-49bf9b675ef5b5399830fd42.json",
          "windowFrom": "2026-09-30T12:47:20.849Z",
          "windowTo": "2026-09-30T12:47:49.504Z"
        },
        {
          "adapterId": "cursor-transcripts",
          "expectedItems": null,
          "gaps": [
            {
              "code": "charge-unavailable",
              "message": "Cursor transcripts carry no billed charge; money stays unavailable unless a billing source is imported"
            },
            {
              "code": "malformed-lines",
              "message": "1 line(s) were not transcript JSON and were skipped"
            },
            {
              "code": "usage-unavailable",
              "message": "1 turn(s) had no usage fields; tokens unavailable (visible-text estimate only)"
            },
            {
              "code": "timestamps-absent",
              "message": "1 turn(s) have no per-turn timestamp in the transcript; occurredAt unknown"
            }
          ],
          "observedItems": 1,
          "state": "partial",
          "watermark": null,
          "windowFrom": null,
          "windowTo": null
        },
        {
          "adapterId": "git-history",
          "expectedItems": 1,
          "gaps": [],
          "observedItems": 1,
          "state": "complete",
          "watermark": "dc4e0d96eb3ef09ec8c87140f4c384e599754b07",
          "windowFrom": "2026-09-30T12:47:49.000Z",
          "windowTo": "2026-09-30T12:47:49.000Z"
        },
        {
          "adapterId": "git-observation",
          "expectedItems": null,
          "gaps": [
            {
              "code": "observation-not-history",
              "message": "Working-tree state is sampled only when collect runs; edits made and reverted between observations are not seen."
            },
            {
              "code": "reflog-local-retention",
              "message": "Branch reflog is local to this clone and expires with git gc; branches fetched or created elsewhere have no creation entry."
            },
            {
              "code": "no-ai-attribution",
              "message": "Git observation carries no evidence of who or what authored a change; attribution stays unassigned."
            }
          ],
          "observedItems": 3,
          "state": "partial",
          "watermark": "2026-09-30T12:47:51.648Z",
          "windowFrom": "2026-09-30T12:47:17.000Z",
          "windowTo": "2026-09-30T12:47:51.648Z"
        },
        {
          "adapterId": "local-test",
          "expectedItems": 1,
          "gaps": [
            {
              "code": "command-sessions-absent",
              "message": "No command session file supplied; test results are not joined to commands."
            }
          ],
          "observedItems": 1,
          "state": "complete",
          "watermark": null,
          "windowFrom": null,
          "windowTo": null
        }
      ],
      "definition": {
        "description": "AI total tokens after request/turn deduplication and source precedence; aggregate and unresolved ledgers excluded.",
        "id": "dx.ai-usage.tokens.total",
        "unit": "tokens",
        "version": "1.0.0"
      },
      "denominator": null,
      "evidenceIds": [],
      "measurement": "unavailable",
      "method": "source-reported",
      "metricId": "dx.ai-usage.tokens.total",
      "numerator": null,
      "reason": "no selected source reported total tokens",
      "unit": "tokens",
      "value": null
    },
    {
      "asOf": "2026-09-30T12:47:52.544Z",
      "attribution": "strong",
      "checkpoint": null,
      "coverage": [
        {
          "adapterId": "cursor-cli",
          "expectedItems": 77,
          "gaps": [
            {
              "code": "no-cost-in-cli-output",
              "message": "cursor-agent print output reports no charge or price; money stays unavailable from this source."
            },
            {
              "code": "no-reasoning-tokens",
              "message": "cursor-agent usage reports input/output/cacheRead/cacheWrite only; reasoning tokens are unavailable."
            },
            {
              "code": "no-branch-in-cli-output",
              "message": "CLI output carries cwd but no Git branch; branch comes from the collect context only."
            },
            {
              "code": "may-overlap-hooks-stop",
              "message": "The same turn may also be reported by Cursor Stop hooks; correlation must collapse by session/request, never sum."
            }
          ],
          "observedItems": 1,
          "state": "partial",
          "watermark": "2026-09-30T12:47:49.059Z",
          "windowFrom": "2026-09-30T12:47:49.059Z",
          "windowTo": "2026-09-30T12:47:49.059Z"
        },
        {
          "adapterId": "cursor-hooks",
          "expectedItems": 20,
          "gaps": [
            {
              "code": "hooks-begin-at-install",
              "message": "hook events exist only after project .cursor/hooks.json is installed; earlier history needs a labelled import"
            },
            {
              "code": "stop-usage-unverified",
              "message": "stop-hook token/cost fields are kept raw with semanticsVerified=false and must not be summed until a semantic probe passes"
            },
            {
              "code": "live-capture-not-demonstrated",
              "message": "no authenticated cursor-agent session was available to this worker; payload shapes come from documented fixtures"
            }
          ],
          "observedItems": 20,
          "state": "complete",
          "watermark": "001790772469504-49bf9b675ef5b5399830fd42.json",
          "windowFrom": "2026-09-30T12:47:20.849Z",
          "windowTo": "2026-09-30T12:47:49.504Z"
        },
        {
          "adapterId": "cursor-transcripts",
          "expectedItems": null,
          "gaps": [
            {
              "code": "charge-unavailable",
              "message": "Cursor transcripts carry no billed charge; money stays unavailable unless a billing source is imported"
            },
            {
              "code": "malformed-lines",
              "message": "1 line(s) were not transcript JSON and were skipped"
            },
            {
              "code": "usage-unavailable",
              "message": "1 turn(s) had no usage fields; tokens unavailable (visible-text estimate only)"
            },
            {
              "code": "timestamps-absent",
              "message": "1 turn(s) have no per-turn timestamp in the transcript; occurredAt unknown"
            }
          ],
          "observedItems": 1,
          "state": "partial",
          "watermark": null,
          "windowFrom": null,
          "windowTo": null
        },
        {
          "adapterId": "git-history",
          "expectedItems": 1,
          "gaps": [],
          "observedItems": 1,
          "state": "complete",
          "watermark": "dc4e0d96eb3ef09ec8c87140f4c384e599754b07",
          "windowFrom": "2026-09-30T12:47:49.000Z",
          "windowTo": "2026-09-30T12:47:49.000Z"
        },
        {
          "adapterId": "git-observation",
          "expectedItems": null,
          "gaps": [
            {
              "code": "observation-not-history",
              "message": "Working-tree state is sampled only when collect runs; edits made and reverted between observations are not seen."
            },
            {
              "code": "reflog-local-retention",
              "message": "Branch reflog is local to this clone and expires with git gc; branches fetched or created elsewhere have no creation entry."
            },
            {
              "code": "no-ai-attribution",
              "message": "Git observation carries no evidence of who or what authored a change; attribution stays unassigned."
            }
          ],
          "observedItems": 3,
          "state": "partial",
          "watermark": "2026-09-30T12:47:51.648Z",
          "windowFrom": "2026-09-30T12:47:17.000Z",
          "windowTo": "2026-09-30T12:47:51.648Z"
        },
        {
          "adapterId": "local-test",
          "expectedItems": 1,
          "gaps": [
            {
              "code": "command-sessions-absent",
              "message": "No command session file supplied; test results are not joined to commands."
            }
          ],
          "observedItems": 1,
          "state": "complete",
          "watermark": null,
          "windowFrom": null,
          "windowTo": null
        }
      ],
      "definition": {
        "description": "Usage-bearing events that could not be accounted (unverified semantics or unknown source).",
        "id": "dx.ai-usage.uncovered-events",
        "unit": "events",
        "version": "1.0.0"
      },
      "denominator": null,
      "evidenceIds": [],
      "measurement": "measured",
      "method": "derived",
      "metricId": "dx.ai-usage.uncovered-events",
      "numerator": null,
      "reason": null,
      "unit": "events",
      "value": 0
    },
    {
      "asOf": "2026-09-30T12:47:52.544Z",
      "attribution": "strong",
      "checkpoint": null,
      "coverage": [
        {
          "adapterId": "cursor-cli",
          "expectedItems": 77,
          "gaps": [
            {
              "code": "no-cost-in-cli-output",
              "message": "cursor-agent print output reports no charge or price; money stays unavailable from this source."
            },
            {
              "code": "no-reasoning-tokens",
              "message": "cursor-agent usage reports input/output/cacheRead/cacheWrite only; reasoning tokens are unavailable."
            },
            {
              "code": "no-branch-in-cli-output",
              "message": "CLI output carries cwd but no Git branch; branch comes from the collect context only."
            },
            {
              "code": "may-overlap-hooks-stop",
              "message": "The same turn may also be reported by Cursor Stop hooks; correlation must collapse by session/request, never sum."
            }
          ],
          "observedItems": 1,
          "state": "partial",
          "watermark": "2026-09-30T12:47:49.059Z",
          "windowFrom": "2026-09-30T12:47:49.059Z",
          "windowTo": "2026-09-30T12:47:49.059Z"
        },
        {
          "adapterId": "cursor-hooks",
          "expectedItems": 20,
          "gaps": [
            {
              "code": "hooks-begin-at-install",
              "message": "hook events exist only after project .cursor/hooks.json is installed; earlier history needs a labelled import"
            },
            {
              "code": "stop-usage-unverified",
              "message": "stop-hook token/cost fields are kept raw with semanticsVerified=false and must not be summed until a semantic probe passes"
            },
            {
              "code": "live-capture-not-demonstrated",
              "message": "no authenticated cursor-agent session was available to this worker; payload shapes come from documented fixtures"
            }
          ],
          "observedItems": 20,
          "state": "complete",
          "watermark": "001790772469504-49bf9b675ef5b5399830fd42.json",
          "windowFrom": "2026-09-30T12:47:20.849Z",
          "windowTo": "2026-09-30T12:47:49.504Z"
        },
        {
          "adapterId": "cursor-transcripts",
          "expectedItems": null,
          "gaps": [
            {
              "code": "charge-unavailable",
              "message": "Cursor transcripts carry no billed charge; money stays unavailable unless a billing source is imported"
            },
            {
              "code": "malformed-lines",
              "message": "1 line(s) were not transcript JSON and were skipped"
            },
            {
              "code": "usage-unavailable",
              "message": "1 turn(s) had no usage fields; tokens unavailable (visible-text estimate only)"
            },
            {
              "code": "timestamps-absent",
              "message": "1 turn(s) have no per-turn timestamp in the transcript; occurredAt unknown"
            }
          ],
          "observedItems": 1,
          "state": "partial",
          "watermark": null,
          "windowFrom": null,
          "windowTo": null
        },
        {
          "adapterId": "git-history",
          "expectedItems": 1,
          "gaps": [],
          "observedItems": 1,
          "state": "complete",
          "watermark": "dc4e0d96eb3ef09ec8c87140f4c384e599754b07",
          "windowFrom": "2026-09-30T12:47:49.000Z",
          "windowTo": "2026-09-30T12:47:49.000Z"
        },
        {
          "adapterId": "git-observation",
          "expectedItems": null,
          "gaps": [
            {
              "code": "observation-not-history",
              "message": "Working-tree state is sampled only when collect runs; edits made and reverted between observations are not seen."
            },
            {
              "code": "reflog-local-retention",
              "message": "Branch reflog is local to this clone and expires with git gc; branches fetched or created elsewhere have no creation entry."
            },
            {
              "code": "no-ai-attribution",
              "message": "Git observation carries no evidence of who or what authored a change; attribution stays unassigned."
            }
          ],
          "observedItems": 3,
          "state": "partial",
          "watermark": "2026-09-30T12:47:51.648Z",
          "windowFrom": "2026-09-30T12:47:17.000Z",
          "windowTo": "2026-09-30T12:47:51.648Z"
        },
        {
          "adapterId": "local-test",
          "expectedItems": 1,
          "gaps": [
            {
              "code": "command-sessions-absent",
              "message": "No command session file supplied; test results are not joined to commands."
            }
          ],
          "observedItems": 1,
          "state": "complete",
          "watermark": null,
          "windowFrom": null,
          "windowTo": null
        }
      ],
      "definition": {
        "description": "Overlap groups without a request/turn key kept unassigned instead of summed.",
        "id": "dx.ai-usage.unresolved-rows",
        "unit": "rows",
        "version": "1.0.0"
      },
      "denominator": null,
      "evidenceIds": [],
      "measurement": "measured",
      "method": "derived",
      "metricId": "dx.ai-usage.unresolved-rows",
      "numerator": null,
      "reason": null,
      "unit": "rows",
      "value": 0
    },
    {
      "asOf": "2026-09-30T12:47:52.544Z",
      "attribution": "not-applicable",
      "checkpoint": null,
      "coverage": [
        {
          "adapterId": "cursor-cli",
          "expectedItems": 77,
          "gaps": [
            {
              "code": "no-cost-in-cli-output",
              "message": "cursor-agent print output reports no charge or price; money stays unavailable from this source."
            },
            {
              "code": "no-reasoning-tokens",
              "message": "cursor-agent usage reports input/output/cacheRead/cacheWrite only; reasoning tokens are unavailable."
            },
            {
              "code": "no-branch-in-cli-output",
              "message": "CLI output carries cwd but no Git branch; branch comes from the collect context only."
            },
            {
              "code": "may-overlap-hooks-stop",
              "message": "The same turn may also be reported by Cursor Stop hooks; correlation must collapse by session/request, never sum."
            }
          ],
          "observedItems": 1,
          "state": "partial",
          "watermark": "2026-09-30T12:47:49.059Z",
          "windowFrom": "2026-09-30T12:47:49.059Z",
          "windowTo": "2026-09-30T12:47:49.059Z"
        },
        {
          "adapterId": "cursor-hooks",
          "expectedItems": 20,
          "gaps": [
            {
              "code": "hooks-begin-at-install",
              "message": "hook events exist only after project .cursor/hooks.json is installed; earlier history needs a labelled import"
            },
            {
              "code": "stop-usage-unverified",
              "message": "stop-hook token/cost fields are kept raw with semanticsVerified=false and must not be summed until a semantic probe passes"
            },
            {
              "code": "live-capture-not-demonstrated",
              "message": "no authenticated cursor-agent session was available to this worker; payload shapes come from documented fixtures"
            }
          ],
          "observedItems": 20,
          "state": "complete",
          "watermark": "001790772469504-49bf9b675ef5b5399830fd42.json",
          "windowFrom": "2026-09-30T12:47:20.849Z",
          "windowTo": "2026-09-30T12:47:49.504Z"
        },
        {
          "adapterId": "cursor-transcripts",
          "expectedItems": null,
          "gaps": [
            {
              "code": "charge-unavailable",
              "message": "Cursor transcripts carry no billed charge; money stays unavailable unless a billing source is imported"
            },
            {
              "code": "malformed-lines",
              "message": "1 line(s) were not transcript JSON and were skipped"
            },
            {
              "code": "usage-unavailable",
              "message": "1 turn(s) had no usage fields; tokens unavailable (visible-text estimate only)"
            },
            {
              "code": "timestamps-absent",
              "message": "1 turn(s) have no per-turn timestamp in the transcript; occurredAt unknown"
            }
          ],
          "observedItems": 1,
          "state": "partial",
          "watermark": null,
          "windowFrom": null,
          "windowTo": null
        },
        {
          "adapterId": "git-history",
          "expectedItems": 1,
          "gaps": [],
          "observedItems": 1,
          "state": "complete",
          "watermark": "dc4e0d96eb3ef09ec8c87140f4c384e599754b07",
          "windowFrom": "2026-09-30T12:47:49.000Z",
          "windowTo": "2026-09-30T12:47:49.000Z"
        },
        {
          "adapterId": "git-observation",
          "expectedItems": null,
          "gaps": [
            {
              "code": "observation-not-history",
              "message": "Working-tree state is sampled only when collect runs; edits made and reverted between observations are not seen."
            },
            {
              "code": "reflog-local-retention",
              "message": "Branch reflog is local to this clone and expires with git gc; branches fetched or created elsewhere have no creation entry."
            },
            {
              "code": "no-ai-attribution",
              "message": "Git observation carries no evidence of who or what authored a change; attribution stays unassigned."
            }
          ],
          "observedItems": 3,
          "state": "partial",
          "watermark": "2026-09-30T12:47:51.648Z",
          "windowFrom": "2026-09-30T12:47:17.000Z",
          "windowTo": "2026-09-30T12:47:51.648Z"
        },
        {
          "adapterId": "local-test",
          "expectedItems": 1,
          "gaps": [
            {
              "code": "command-sessions-absent",
              "message": "No command session file supplied; test results are not joined to commands."
            }
          ],
          "observedItems": 1,
          "state": "complete",
          "watermark": null,
          "windowFrom": null,
          "windowTo": null
        }
      ],
      "definition": {
        "description": "Billed charges reported by the source (usage export or dashboard). Never includes metered, estimated or allocated amounts.",
        "id": "dx.cost.charge.usd",
        "unit": "USD",
        "version": "1.0.0"
      },
      "denominator": null,
      "evidenceIds": [],
      "measurement": "unavailable",
      "method": "source-reported",
      "metricId": "dx.cost.charge.usd",
      "numerator": null,
      "reason": "No billed charge in the selected sources; import a Cursor usage CSV or dashboard export. Not zero.",
      "unit": "USD",
      "value": null
    },
    {
      "asOf": "2026-09-30T12:47:52.544Z",
      "attribution": "not-applicable",
      "checkpoint": null,
      "coverage": [
        {
          "adapterId": "cursor-cli",
          "expectedItems": 77,
          "gaps": [
            {
              "code": "no-cost-in-cli-output",
              "message": "cursor-agent print output reports no charge or price; money stays unavailable from this source."
            },
            {
              "code": "no-reasoning-tokens",
              "message": "cursor-agent usage reports input/output/cacheRead/cacheWrite only; reasoning tokens are unavailable."
            },
            {
              "code": "no-branch-in-cli-output",
              "message": "CLI output carries cwd but no Git branch; branch comes from the collect context only."
            },
            {
              "code": "may-overlap-hooks-stop",
              "message": "The same turn may also be reported by Cursor Stop hooks; correlation must collapse by session/request, never sum."
            }
          ],
          "observedItems": 1,
          "state": "partial",
          "watermark": "2026-09-30T12:47:49.059Z",
          "windowFrom": "2026-09-30T12:47:49.059Z",
          "windowTo": "2026-09-30T12:47:49.059Z"
        },
        {
          "adapterId": "cursor-hooks",
          "expectedItems": 20,
          "gaps": [
            {
              "code": "hooks-begin-at-install",
              "message": "hook events exist only after project .cursor/hooks.json is installed; earlier history needs a labelled import"
            },
            {
              "code": "stop-usage-unverified",
              "message": "stop-hook token/cost fields are kept raw with semanticsVerified=false and must not be summed until a semantic probe passes"
            },
            {
              "code": "live-capture-not-demonstrated",
              "message": "no authenticated cursor-agent session was available to this worker; payload shapes come from documented fixtures"
            }
          ],
          "observedItems": 20,
          "state": "complete",
          "watermark": "001790772469504-49bf9b675ef5b5399830fd42.json",
          "windowFrom": "2026-09-30T12:47:20.849Z",
          "windowTo": "2026-09-30T12:47:49.504Z"
        },
        {
          "adapterId": "cursor-transcripts",
          "expectedItems": null,
          "gaps": [
            {
              "code": "charge-unavailable",
              "message": "Cursor transcripts carry no billed charge; money stays unavailable unless a billing source is imported"
            },
            {
              "code": "malformed-lines",
              "message": "1 line(s) were not transcript JSON and were skipped"
            },
            {
              "code": "usage-unavailable",
              "message": "1 turn(s) had no usage fields; tokens unavailable (visible-text estimate only)"
            },
            {
              "code": "timestamps-absent",
              "message": "1 turn(s) have no per-turn timestamp in the transcript; occurredAt unknown"
            }
          ],
          "observedItems": 1,
          "state": "partial",
          "watermark": null,
          "windowFrom": null,
          "windowTo": null
        },
        {
          "adapterId": "git-history",
          "expectedItems": 1,
          "gaps": [],
          "observedItems": 1,
          "state": "complete",
          "watermark": "dc4e0d96eb3ef09ec8c87140f4c384e599754b07",
          "windowFrom": "2026-09-30T12:47:49.000Z",
          "windowTo": "2026-09-30T12:47:49.000Z"
        },
        {
          "adapterId": "git-observation",
          "expectedItems": null,
          "gaps": [
            {
              "code": "observation-not-history",
              "message": "Working-tree state is sampled only when collect runs; edits made and reverted between observations are not seen."
            },
            {
              "code": "reflog-local-retention",
              "message": "Branch reflog is local to this clone and expires with git gc; branches fetched or created elsewhere have no creation entry."
            },
            {
              "code": "no-ai-attribution",
              "message": "Git observation carries no evidence of who or what authored a change; attribution stays unassigned."
            }
          ],
          "observedItems": 3,
          "state": "partial",
          "watermark": "2026-09-30T12:47:51.648Z",
          "windowFrom": "2026-09-30T12:47:17.000Z",
          "windowTo": "2026-09-30T12:47:51.648Z"
        },
        {
          "adapterId": "local-test",
          "expectedItems": 1,
          "gaps": [
            {
              "code": "command-sessions-absent",
              "message": "No command session file supplied; test results are not joined to commands."
            }
          ],
          "observedItems": 1,
          "state": "complete",
          "watermark": null,
          "windowFrom": null,
          "windowTo": null
        }
      ],
      "definition": {
        "description": "Recorder estimate: source-reported tokens times a selected versioned price table. Method discriminator price-table:<id>@<version> is in reason.",
        "id": "dx.cost.list-price-estimate.price-table.usd",
        "unit": "USD",
        "version": "1.0.0"
      },
      "denominator": null,
      "evidenceIds": [],
      "measurement": "unavailable",
      "method": "estimated",
      "metricId": "dx.cost.list-price-estimate.price-table.usd",
      "numerator": null,
      "reason": "No versioned price table selected; the recorder ships no default prices.",
      "unit": "USD",
      "value": null
    },
    {
      "asOf": "2026-09-30T12:47:52.544Z",
      "attribution": "not-applicable",
      "checkpoint": null,
      "coverage": [
        {
          "adapterId": "cursor-cli",
          "expectedItems": 77,
          "gaps": [
            {
              "code": "no-cost-in-cli-output",
              "message": "cursor-agent print output reports no charge or price; money stays unavailable from this source."
            },
            {
              "code": "no-reasoning-tokens",
              "message": "cursor-agent usage reports input/output/cacheRead/cacheWrite only; reasoning tokens are unavailable."
            },
            {
              "code": "no-branch-in-cli-output",
              "message": "CLI output carries cwd but no Git branch; branch comes from the collect context only."
            },
            {
              "code": "may-overlap-hooks-stop",
              "message": "The same turn may also be reported by Cursor Stop hooks; correlation must collapse by session/request, never sum."
            }
          ],
          "observedItems": 1,
          "state": "partial",
          "watermark": "2026-09-30T12:47:49.059Z",
          "windowFrom": "2026-09-30T12:47:49.059Z",
          "windowTo": "2026-09-30T12:47:49.059Z"
        },
        {
          "adapterId": "cursor-hooks",
          "expectedItems": 20,
          "gaps": [
            {
              "code": "hooks-begin-at-install",
              "message": "hook events exist only after project .cursor/hooks.json is installed; earlier history needs a labelled import"
            },
            {
              "code": "stop-usage-unverified",
              "message": "stop-hook token/cost fields are kept raw with semanticsVerified=false and must not be summed until a semantic probe passes"
            },
            {
              "code": "live-capture-not-demonstrated",
              "message": "no authenticated cursor-agent session was available to this worker; payload shapes come from documented fixtures"
            }
          ],
          "observedItems": 20,
          "state": "complete",
          "watermark": "001790772469504-49bf9b675ef5b5399830fd42.json",
          "windowFrom": "2026-09-30T12:47:20.849Z",
          "windowTo": "2026-09-30T12:47:49.504Z"
        },
        {
          "adapterId": "cursor-transcripts",
          "expectedItems": null,
          "gaps": [
            {
              "code": "charge-unavailable",
              "message": "Cursor transcripts carry no billed charge; money stays unavailable unless a billing source is imported"
            },
            {
              "code": "malformed-lines",
              "message": "1 line(s) were not transcript JSON and were skipped"
            },
            {
              "code": "usage-unavailable",
              "message": "1 turn(s) had no usage fields; tokens unavailable (visible-text estimate only)"
            },
            {
              "code": "timestamps-absent",
              "message": "1 turn(s) have no per-turn timestamp in the transcript; occurredAt unknown"
            }
          ],
          "observedItems": 1,
          "state": "partial",
          "watermark": null,
          "windowFrom": null,
          "windowTo": null
        },
        {
          "adapterId": "git-history",
          "expectedItems": 1,
          "gaps": [],
          "observedItems": 1,
          "state": "complete",
          "watermark": "dc4e0d96eb3ef09ec8c87140f4c384e599754b07",
          "windowFrom": "2026-09-30T12:47:49.000Z",
          "windowTo": "2026-09-30T12:47:49.000Z"
        },
        {
          "adapterId": "git-observation",
          "expectedItems": null,
          "gaps": [
            {
              "code": "observation-not-history",
              "message": "Working-tree state is sampled only when collect runs; edits made and reverted between observations are not seen."
            },
            {
              "code": "reflog-local-retention",
              "message": "Branch reflog is local to this clone and expires with git gc; branches fetched or created elsewhere have no creation entry."
            },
            {
              "code": "no-ai-attribution",
              "message": "Git observation carries no evidence of who or what authored a change; attribution stays unassigned."
            }
          ],
          "observedItems": 3,
          "state": "partial",
          "watermark": "2026-09-30T12:47:51.648Z",
          "windowFrom": "2026-09-30T12:47:17.000Z",
          "windowTo": "2026-09-30T12:47:51.648Z"
        },
        {
          "adapterId": "local-test",
          "expectedItems": 1,
          "gaps": [
            {
              "code": "command-sessions-absent",
              "message": "No command session file supplied; test results are not joined to commands."
            }
          ],
          "observedItems": 1,
          "state": "complete",
          "watermark": null,
          "windowFrom": null,
          "windowTo": null
        }
      ],
      "definition": {
        "description": "List-price estimate computed by the source client itself (for example Claude Code costUSD). An estimate, never a charge.",
        "id": "dx.cost.list-price-estimate.source.usd",
        "unit": "USD",
        "version": "1.0.0"
      },
      "denominator": null,
      "evidenceIds": [],
      "measurement": "unavailable",
      "method": "estimated",
      "metricId": "dx.cost.list-price-estimate.source.usd",
      "numerator": null,
      "reason": "No source-computed list-price estimate in the selected sources.",
      "unit": "USD",
      "value": null
    },
    {
      "asOf": "2026-09-30T12:47:52.544Z",
      "attribution": "not-applicable",
      "checkpoint": null,
      "coverage": [
        {
          "adapterId": "cursor-cli",
          "expectedItems": 77,
          "gaps": [
            {
              "code": "no-cost-in-cli-output",
              "message": "cursor-agent print output reports no charge or price; money stays unavailable from this source."
            },
            {
              "code": "no-reasoning-tokens",
              "message": "cursor-agent usage reports input/output/cacheRead/cacheWrite only; reasoning tokens are unavailable."
            },
            {
              "code": "no-branch-in-cli-output",
              "message": "CLI output carries cwd but no Git branch; branch comes from the collect context only."
            },
            {
              "code": "may-overlap-hooks-stop",
              "message": "The same turn may also be reported by Cursor Stop hooks; correlation must collapse by session/request, never sum."
            }
          ],
          "observedItems": 1,
          "state": "partial",
          "watermark": "2026-09-30T12:47:49.059Z",
          "windowFrom": "2026-09-30T12:47:49.059Z",
          "windowTo": "2026-09-30T12:47:49.059Z"
        },
        {
          "adapterId": "cursor-hooks",
          "expectedItems": 20,
          "gaps": [
            {
              "code": "hooks-begin-at-install",
              "message": "hook events exist only after project .cursor/hooks.json is installed; earlier history needs a labelled import"
            },
            {
              "code": "stop-usage-unverified",
              "message": "stop-hook token/cost fields are kept raw with semanticsVerified=false and must not be summed until a semantic probe passes"
            },
            {
              "code": "live-capture-not-demonstrated",
              "message": "no authenticated cursor-agent session was available to this worker; payload shapes come from documented fixtures"
            }
          ],
          "observedItems": 20,
          "state": "complete",
          "watermark": "001790772469504-49bf9b675ef5b5399830fd42.json",
          "windowFrom": "2026-09-30T12:47:20.849Z",
          "windowTo": "2026-09-30T12:47:49.504Z"
        },
        {
          "adapterId": "cursor-transcripts",
          "expectedItems": null,
          "gaps": [
            {
              "code": "charge-unavailable",
              "message": "Cursor transcripts carry no billed charge; money stays unavailable unless a billing source is imported"
            },
            {
              "code": "malformed-lines",
              "message": "1 line(s) were not transcript JSON and were skipped"
            },
            {
              "code": "usage-unavailable",
              "message": "1 turn(s) had no usage fields; tokens unavailable (visible-text estimate only)"
            },
            {
              "code": "timestamps-absent",
              "message": "1 turn(s) have no per-turn timestamp in the transcript; occurredAt unknown"
            }
          ],
          "observedItems": 1,
          "state": "partial",
          "watermark": null,
          "windowFrom": null,
          "windowTo": null
        },
        {
          "adapterId": "git-history",
          "expectedItems": 1,
          "gaps": [],
          "observedItems": 1,
          "state": "complete",
          "watermark": "dc4e0d96eb3ef09ec8c87140f4c384e599754b07",
          "windowFrom": "2026-09-30T12:47:49.000Z",
          "windowTo": "2026-09-30T12:47:49.000Z"
        },
        {
          "adapterId": "git-observation",
          "expectedItems": null,
          "gaps": [
            {
              "code": "observation-not-history",
              "message": "Working-tree state is sampled only when collect runs; edits made and reverted between observations are not seen."
            },
            {
              "code": "reflog-local-retention",
              "message": "Branch reflog is local to this clone and expires with git gc; branches fetched or created elsewhere have no creation entry."
            },
            {
              "code": "no-ai-attribution",
              "message": "Git observation carries no evidence of who or what authored a change; attribution stays unassigned."
            }
          ],
          "observedItems": 3,
          "state": "partial",
          "watermark": "2026-09-30T12:47:51.648Z",
          "windowFrom": "2026-09-30T12:47:17.000Z",
          "windowTo": "2026-09-30T12:47:51.648Z"
        },
        {
          "adapterId": "local-test",
          "expectedItems": 1,
          "gaps": [
            {
              "code": "command-sessions-absent",
              "message": "No command session file supplied; test results are not joined to commands."
            }
          ],
          "observedItems": 1,
          "state": "complete",
          "watermark": null,
          "windowFrom": null,
          "windowTo": null
        }
      ],
      "definition": {
        "description": "Source-reported metered value (for example Cursor local usageData cents or Included usage rows). Not a billed charge.",
        "id": "dx.cost.metered.usd",
        "unit": "USD",
        "version": "1.0.0"
      },
      "denominator": null,
      "evidenceIds": [],
      "measurement": "unavailable",
      "method": "source-reported",
      "metricId": "dx.cost.metered.usd",
      "numerator": null,
      "reason": "No source-reported metered amount in the selected sources.",
      "unit": "USD",
      "value": null
    },
    {
      "asOf": "2026-09-30T12:47:52.544Z",
      "attribution": "not-applicable",
      "checkpoint": null,
      "coverage": [
        {
          "adapterId": "cursor-cli",
          "expectedItems": 77,
          "gaps": [
            {
              "code": "no-cost-in-cli-output",
              "message": "cursor-agent print output reports no charge or price; money stays unavailable from this source."
            },
            {
              "code": "no-reasoning-tokens",
              "message": "cursor-agent usage reports input/output/cacheRead/cacheWrite only; reasoning tokens are unavailable."
            },
            {
              "code": "no-branch-in-cli-output",
              "message": "CLI output carries cwd but no Git branch; branch comes from the collect context only."
            },
            {
              "code": "may-overlap-hooks-stop",
              "message": "The same turn may also be reported by Cursor Stop hooks; correlation must collapse by session/request, never sum."
            }
          ],
          "observedItems": 1,
          "state": "partial",
          "watermark": "2026-09-30T12:47:49.059Z",
          "windowFrom": "2026-09-30T12:47:49.059Z",
          "windowTo": "2026-09-30T12:47:49.059Z"
        },
        {
          "adapterId": "cursor-hooks",
          "expectedItems": 20,
          "gaps": [
            {
              "code": "hooks-begin-at-install",
              "message": "hook events exist only after project .cursor/hooks.json is installed; earlier history needs a labelled import"
            },
            {
              "code": "stop-usage-unverified",
              "message": "stop-hook token/cost fields are kept raw with semanticsVerified=false and must not be summed until a semantic probe passes"
            },
            {
              "code": "live-capture-not-demonstrated",
              "message": "no authenticated cursor-agent session was available to this worker; payload shapes come from documented fixtures"
            }
          ],
          "observedItems": 20,
          "state": "complete",
          "watermark": "001790772469504-49bf9b675ef5b5399830fd42.json",
          "windowFrom": "2026-09-30T12:47:20.849Z",
          "windowTo": "2026-09-30T12:47:49.504Z"
        },
        {
          "adapterId": "cursor-transcripts",
          "expectedItems": null,
          "gaps": [
            {
              "code": "charge-unavailable",
              "message": "Cursor transcripts carry no billed charge; money stays unavailable unless a billing source is imported"
            },
            {
              "code": "malformed-lines",
              "message": "1 line(s) were not transcript JSON and were skipped"
            },
            {
              "code": "usage-unavailable",
              "message": "1 turn(s) had no usage fields; tokens unavailable (visible-text estimate only)"
            },
            {
              "code": "timestamps-absent",
              "message": "1 turn(s) have no per-turn timestamp in the transcript; occurredAt unknown"
            }
          ],
          "observedItems": 1,
          "state": "partial",
          "watermark": null,
          "windowFrom": null,
          "windowTo": null
        },
        {
          "adapterId": "git-history",
          "expectedItems": 1,
          "gaps": [],
          "observedItems": 1,
          "state": "complete",
          "watermark": "dc4e0d96eb3ef09ec8c87140f4c384e599754b07",
          "windowFrom": "2026-09-30T12:47:49.000Z",
          "windowTo": "2026-09-30T12:47:49.000Z"
        },
        {
          "adapterId": "git-observation",
          "expectedItems": null,
          "gaps": [
            {
              "code": "observation-not-history",
              "message": "Working-tree state is sampled only when collect runs; edits made and reverted between observations are not seen."
            },
            {
              "code": "reflog-local-retention",
              "message": "Branch reflog is local to this clone and expires with git gc; branches fetched or created elsewhere have no creation entry."
            },
            {
              "code": "no-ai-attribution",
              "message": "Git observation carries no evidence of who or what authored a change; attribution stays unassigned."
            }
          ],
          "observedItems": 3,
          "state": "partial",
          "watermark": "2026-09-30T12:47:51.648Z",
          "windowFrom": "2026-09-30T12:47:17.000Z",
          "windowTo": "2026-09-30T12:47:51.648Z"
        },
        {
          "adapterId": "local-test",
          "expectedItems": 1,
          "gaps": [
            {
              "code": "command-sessions-absent",
              "message": "No command session file supplied; test results are not joined to commands."
            }
          ],
          "observedItems": 1,
          "state": "complete",
          "watermark": null,
          "windowFrom": null,
          "windowTo": null
        }
      ],
      "definition": {
        "description": "Share of a user-declared subscription amount allocated by observed usage basis in the plan period. Derived, not billed per request.",
        "id": "dx.cost.subscription-allocation.usd",
        "unit": "USD",
        "version": "1.0.0"
      },
      "denominator": null,
      "evidenceIds": [],
      "measurement": "unavailable",
      "method": "derived",
      "metricId": "dx.cost.subscription-allocation.usd",
      "numerator": null,
      "reason": "No subscription plan declared; allocation needs a user-declared plan amount and period.",
      "unit": "USD",
      "value": null
    },
    {
      "asOf": "2026-09-30T12:47:52.544Z",
      "attribution": "not-applicable",
      "checkpoint": null,
      "coverage": [
        {
          "adapterId": "cursor-cli",
          "expectedItems": 77,
          "gaps": [
            {
              "code": "no-cost-in-cli-output",
              "message": "cursor-agent print output reports no charge or price; money stays unavailable from this source."
            },
            {
              "code": "no-reasoning-tokens",
              "message": "cursor-agent usage reports input/output/cacheRead/cacheWrite only; reasoning tokens are unavailable."
            },
            {
              "code": "no-branch-in-cli-output",
              "message": "CLI output carries cwd but no Git branch; branch comes from the collect context only."
            },
            {
              "code": "may-overlap-hooks-stop",
              "message": "The same turn may also be reported by Cursor Stop hooks; correlation must collapse by session/request, never sum."
            }
          ],
          "observedItems": 1,
          "state": "partial",
          "watermark": "2026-09-30T12:47:49.059Z",
          "windowFrom": "2026-09-30T12:47:49.059Z",
          "windowTo": "2026-09-30T12:47:49.059Z"
        },
        {
          "adapterId": "cursor-hooks",
          "expectedItems": 20,
          "gaps": [
            {
              "code": "hooks-begin-at-install",
              "message": "hook events exist only after project .cursor/hooks.json is installed; earlier history needs a labelled import"
            },
            {
              "code": "stop-usage-unverified",
              "message": "stop-hook token/cost fields are kept raw with semanticsVerified=false and must not be summed until a semantic probe passes"
            },
            {
              "code": "live-capture-not-demonstrated",
              "message": "no authenticated cursor-agent session was available to this worker; payload shapes come from documented fixtures"
            }
          ],
          "observedItems": 20,
          "state": "complete",
          "watermark": "001790772469504-49bf9b675ef5b5399830fd42.json",
          "windowFrom": "2026-09-30T12:47:20.849Z",
          "windowTo": "2026-09-30T12:47:49.504Z"
        },
        {
          "adapterId": "cursor-transcripts",
          "expectedItems": null,
          "gaps": [
            {
              "code": "charge-unavailable",
              "message": "Cursor transcripts carry no billed charge; money stays unavailable unless a billing source is imported"
            },
            {
              "code": "malformed-lines",
              "message": "1 line(s) were not transcript JSON and were skipped"
            },
            {
              "code": "usage-unavailable",
              "message": "1 turn(s) had no usage fields; tokens unavailable (visible-text estimate only)"
            },
            {
              "code": "timestamps-absent",
              "message": "1 turn(s) have no per-turn timestamp in the transcript; occurredAt unknown"
            }
          ],
          "observedItems": 1,
          "state": "partial",
          "watermark": null,
          "windowFrom": null,
          "windowTo": null
        },
        {
          "adapterId": "git-history",
          "expectedItems": 1,
          "gaps": [],
          "observedItems": 1,
          "state": "complete",
          "watermark": "dc4e0d96eb3ef09ec8c87140f4c384e599754b07",
          "windowFrom": "2026-09-30T12:47:49.000Z",
          "windowTo": "2026-09-30T12:47:49.000Z"
        },
        {
          "adapterId": "git-observation",
          "expectedItems": null,
          "gaps": [
            {
              "code": "observation-not-history",
              "message": "Working-tree state is sampled only when collect runs; edits made and reverted between observations are not seen."
            },
            {
              "code": "reflog-local-retention",
              "message": "Branch reflog is local to this clone and expires with git gc; branches fetched or created elsewhere have no creation entry."
            },
            {
              "code": "no-ai-attribution",
              "message": "Git observation carries no evidence of who or what authored a change; attribution stays unassigned."
            }
          ],
          "observedItems": 3,
          "state": "partial",
          "watermark": "2026-09-30T12:47:51.648Z",
          "windowFrom": "2026-09-30T12:47:17.000Z",
          "windowTo": "2026-09-30T12:47:51.648Z"
        },
        {
          "adapterId": "local-test",
          "expectedItems": 1,
          "gaps": [
            {
              "code": "command-sessions-absent",
              "message": "No command session file supplied; test results are not joined to commands."
            }
          ],
          "observedItems": 1,
          "state": "complete",
          "watermark": null,
          "windowFrom": null,
          "windowTo": null
        }
      ],
      "definition": {
        "description": "Source money amounts whose ledger (billed, included or not charged) the source does not state.",
        "id": "dx.cost.unallocated.usd",
        "unit": "USD",
        "version": "1.0.0"
      },
      "denominator": null,
      "evidenceIds": [],
      "measurement": "unavailable",
      "method": "source-reported",
      "metricId": "dx.cost.unallocated.usd",
      "numerator": null,
      "reason": "No source amount with an unstated ledger.",
      "unit": "USD",
      "value": null
    },
    {
      "asOf": "2026-09-30T12:47:52.544Z",
      "attribution": "not-applicable",
      "checkpoint": "branch:feature/c17-real-flight",
      "coverage": [
        {
          "adapterId": "cursor-cli",
          "expectedItems": 77,
          "gaps": [
            {
              "code": "no-cost-in-cli-output",
              "message": "cursor-agent print output reports no charge or price; money stays unavailable from this source."
            },
            {
              "code": "no-reasoning-tokens",
              "message": "cursor-agent usage reports input/output/cacheRead/cacheWrite only; reasoning tokens are unavailable."
            },
            {
              "code": "no-branch-in-cli-output",
              "message": "CLI output carries cwd but no Git branch; branch comes from the collect context only."
            },
            {
              "code": "may-overlap-hooks-stop",
              "message": "The same turn may also be reported by Cursor Stop hooks; correlation must collapse by session/request, never sum."
            }
          ],
          "observedItems": 1,
          "state": "partial",
          "watermark": "2026-09-30T12:47:49.059Z",
          "windowFrom": "2026-09-30T12:47:49.059Z",
          "windowTo": "2026-09-30T12:47:49.059Z"
        },
        {
          "adapterId": "cursor-hooks",
          "expectedItems": 20,
          "gaps": [
            {
              "code": "hooks-begin-at-install",
              "message": "hook events exist only after project .cursor/hooks.json is installed; earlier history needs a labelled import"
            },
            {
              "code": "stop-usage-unverified",
              "message": "stop-hook token/cost fields are kept raw with semanticsVerified=false and must not be summed until a semantic probe passes"
            },
            {
              "code": "live-capture-not-demonstrated",
              "message": "no authenticated cursor-agent session was available to this worker; payload shapes come from documented fixtures"
            }
          ],
          "observedItems": 20,
          "state": "complete",
          "watermark": "001790772469504-49bf9b675ef5b5399830fd42.json",
          "windowFrom": "2026-09-30T12:47:20.849Z",
          "windowTo": "2026-09-30T12:47:49.504Z"
        },
        {
          "adapterId": "cursor-transcripts",
          "expectedItems": null,
          "gaps": [
            {
              "code": "charge-unavailable",
              "message": "Cursor transcripts carry no billed charge; money stays unavailable unless a billing source is imported"
            },
            {
              "code": "malformed-lines",
              "message": "1 line(s) were not transcript JSON and were skipped"
            },
            {
              "code": "usage-unavailable",
              "message": "1 turn(s) had no usage fields; tokens unavailable (visible-text estimate only)"
            },
            {
              "code": "timestamps-absent",
              "message": "1 turn(s) have no per-turn timestamp in the transcript; occurredAt unknown"
            }
          ],
          "observedItems": 1,
          "state": "partial",
          "watermark": null,
          "windowFrom": null,
          "windowTo": null
        },
        {
          "adapterId": "git-history",
          "expectedItems": 1,
          "gaps": [],
          "observedItems": 1,
          "state": "complete",
          "watermark": "dc4e0d96eb3ef09ec8c87140f4c384e599754b07",
          "windowFrom": "2026-09-30T12:47:49.000Z",
          "windowTo": "2026-09-30T12:47:49.000Z"
        },
        {
          "adapterId": "git-observation",
          "expectedItems": null,
          "gaps": [
            {
              "code": "observation-not-history",
              "message": "Working-tree state is sampled only when collect runs; edits made and reverted between observations are not seen."
            },
            {
              "code": "reflog-local-retention",
              "message": "Branch reflog is local to this clone and expires with git gc; branches fetched or created elsewhere have no creation entry."
            },
            {
              "code": "no-ai-attribution",
              "message": "Git observation carries no evidence of who or what authored a change; attribution stays unassigned."
            }
          ],
          "observedItems": 3,
          "state": "partial",
          "watermark": "2026-09-30T12:47:51.648Z",
          "windowFrom": "2026-09-30T12:47:17.000Z",
          "windowTo": "2026-09-30T12:47:51.648Z"
        },
        {
          "adapterId": "local-test",
          "expectedItems": 1,
          "gaps": [
            {
              "code": "command-sessions-absent",
              "message": "No command session file supplied; test results are not joined to commands."
            }
          ],
          "observedItems": 1,
          "state": "complete",
          "watermark": null,
          "windowFrom": null,
          "windowTo": null
        }
      ],
      "definition": {
        "description": "Number of merged active development intervals on the branch.",
        "id": "dx.flight.active.intervals",
        "unit": "intervals",
        "version": "1.0.0"
      },
      "denominator": null,
      "evidenceIds": [
        "sha256:e5f89debe7d4b59d00e041f23ea90aa009c23ae5b160479e495e053affef2696",
        "sha256:df7b07bd849a91cf2c0c12832841cd036f5da30475ac3486621eef258836ef56",
        "sha256:bcaa3bd98207705651be8447f8ed3df9f4ce88cf82e5a9590288cd6ec9a0b1c8",
        "sha256:d2026686e586d9e19c2338393146b4f8fab36b019d558b7c50f3b1cf607caeb0",
        "sha256:950266f62a6551af6976559761e5b9e39c95a381ae6bd0b2c7cd4d100acd3930",
        "sha256:d688b60475907ef1f3326ec13acb1d95c0fb248b250feeb59b1a96ce8fa61f7c",
        "sha256:b6b61c90b9db71313b7f68625266b0990e8490fcf5bc3af184a28e3db2c9308e",
        "sha256:604ac3bb5f744fd9c2d87ceed002875dc39142c0e3e341a5f2b2b8a7013d473e",
        "sha256:5511d3ddc47c506ac660c3c2010f3cfbc58d6df55e083458eda96db30d694bb6",
        "sha256:f485845f56702d2aacdda6afa344439f1df1a7afe0d30803df6fa8b3de769dbb",
        "sha256:4dc76d625b0744afaac7cce5a688d9e2514c204e39b8858562112777db9afbf5",
        "sha256:2ef44b07d793b5dca9fdad7f4509b6d8f0e5dc10c7694d5b0e8670a90de43401",
        "sha256:38d66999bcee6bba90bdf55b548d604938cca2b307fee73f20c5c6b81f371bd5",
        "sha256:236bd978a6cd644df320af7d333771097bba2d354212bd0f9c8710a2e2e069f5",
        "sha256:d85019f9428b55920a2ba5ec223fb7c56d94f9dd9498eca72de138515c94cb2a",
        "sha256:2c11f2c9a36f8df48615144351d056115bbaaa1bc21b23682fd24e310e29439c",
        "sha256:79021c9a7b6f60d3040388c54952a5e7168e8181dd2011c3f14c2e6e847828f1",
        "sha256:87d9da49253d00adda6b039a42cbb69f76a3cb0ba4fc289a192eb90325ad0a90",
        "sha256:772cfec25ed119f9f6e0a8e3aaad6e8eaef7689f6bbfd8f2964566f427cbebd7",
        "sha256:444569fa5238688631451476a0c69ee87c36d7def7649a0df9667e0a481caed0",
        "sha256:ab8272886fa52632d3d3cdf3a3a72e64f8ed6ebc39959c3966f9cebdec3ac19f"
      ],
      "measurement": "measured",
      "method": "derived",
      "metricId": "dx.flight.active.intervals",
      "numerator": null,
      "reason": "1 interval(s); idle gap 30 min",
      "unit": "intervals",
      "value": 1
    },
    {
      "asOf": "2026-09-30T12:47:52.544Z",
      "attribution": "not-applicable",
      "checkpoint": "branch:feature/c17-real-flight",
      "coverage": [
        {
          "adapterId": "cursor-cli",
          "expectedItems": 77,
          "gaps": [
            {
              "code": "no-cost-in-cli-output",
              "message": "cursor-agent print output reports no charge or price; money stays unavailable from this source."
            },
            {
              "code": "no-reasoning-tokens",
              "message": "cursor-agent usage reports input/output/cacheRead/cacheWrite only; reasoning tokens are unavailable."
            },
            {
              "code": "no-branch-in-cli-output",
              "message": "CLI output carries cwd but no Git branch; branch comes from the collect context only."
            },
            {
              "code": "may-overlap-hooks-stop",
              "message": "The same turn may also be reported by Cursor Stop hooks; correlation must collapse by session/request, never sum."
            }
          ],
          "observedItems": 1,
          "state": "partial",
          "watermark": "2026-09-30T12:47:49.059Z",
          "windowFrom": "2026-09-30T12:47:49.059Z",
          "windowTo": "2026-09-30T12:47:49.059Z"
        },
        {
          "adapterId": "cursor-hooks",
          "expectedItems": 20,
          "gaps": [
            {
              "code": "hooks-begin-at-install",
              "message": "hook events exist only after project .cursor/hooks.json is installed; earlier history needs a labelled import"
            },
            {
              "code": "stop-usage-unverified",
              "message": "stop-hook token/cost fields are kept raw with semanticsVerified=false and must not be summed until a semantic probe passes"
            },
            {
              "code": "live-capture-not-demonstrated",
              "message": "no authenticated cursor-agent session was available to this worker; payload shapes come from documented fixtures"
            }
          ],
          "observedItems": 20,
          "state": "complete",
          "watermark": "001790772469504-49bf9b675ef5b5399830fd42.json",
          "windowFrom": "2026-09-30T12:47:20.849Z",
          "windowTo": "2026-09-30T12:47:49.504Z"
        },
        {
          "adapterId": "cursor-transcripts",
          "expectedItems": null,
          "gaps": [
            {
              "code": "charge-unavailable",
              "message": "Cursor transcripts carry no billed charge; money stays unavailable unless a billing source is imported"
            },
            {
              "code": "malformed-lines",
              "message": "1 line(s) were not transcript JSON and were skipped"
            },
            {
              "code": "usage-unavailable",
              "message": "1 turn(s) had no usage fields; tokens unavailable (visible-text estimate only)"
            },
            {
              "code": "timestamps-absent",
              "message": "1 turn(s) have no per-turn timestamp in the transcript; occurredAt unknown"
            }
          ],
          "observedItems": 1,
          "state": "partial",
          "watermark": null,
          "windowFrom": null,
          "windowTo": null
        },
        {
          "adapterId": "git-history",
          "expectedItems": 1,
          "gaps": [],
          "observedItems": 1,
          "state": "complete",
          "watermark": "dc4e0d96eb3ef09ec8c87140f4c384e599754b07",
          "windowFrom": "2026-09-30T12:47:49.000Z",
          "windowTo": "2026-09-30T12:47:49.000Z"
        },
        {
          "adapterId": "git-observation",
          "expectedItems": null,
          "gaps": [
            {
              "code": "observation-not-history",
              "message": "Working-tree state is sampled only when collect runs; edits made and reverted between observations are not seen."
            },
            {
              "code": "reflog-local-retention",
              "message": "Branch reflog is local to this clone and expires with git gc; branches fetched or created elsewhere have no creation entry."
            },
            {
              "code": "no-ai-attribution",
              "message": "Git observation carries no evidence of who or what authored a change; attribution stays unassigned."
            }
          ],
          "observedItems": 3,
          "state": "partial",
          "watermark": "2026-09-30T12:47:51.648Z",
          "windowFrom": "2026-09-30T12:47:17.000Z",
          "windowTo": "2026-09-30T12:47:51.648Z"
        },
        {
          "adapterId": "local-test",
          "expectedItems": 1,
          "gaps": [
            {
              "code": "command-sessions-absent",
              "message": "No command session file supplied; test results are not joined to commands."
            }
          ],
          "observedItems": 1,
          "state": "complete",
          "watermark": null,
          "windowFrom": null,
          "windowTo": null
        }
      ],
      "definition": {
        "description": "Union of active development intervals: activity bursts (commits, AI, markers, commands; split at idle gaps over 30 min) merged with agent intervals; overlaps count once.",
        "id": "dx.flight.active.ms",
        "unit": "ms",
        "version": "1.0.0"
      },
      "denominator": null,
      "evidenceIds": [
        "sha256:e5f89debe7d4b59d00e041f23ea90aa009c23ae5b160479e495e053affef2696",
        "sha256:df7b07bd849a91cf2c0c12832841cd036f5da30475ac3486621eef258836ef56",
        "sha256:bcaa3bd98207705651be8447f8ed3df9f4ce88cf82e5a9590288cd6ec9a0b1c8",
        "sha256:d2026686e586d9e19c2338393146b4f8fab36b019d558b7c50f3b1cf607caeb0",
        "sha256:950266f62a6551af6976559761e5b9e39c95a381ae6bd0b2c7cd4d100acd3930",
        "sha256:d688b60475907ef1f3326ec13acb1d95c0fb248b250feeb59b1a96ce8fa61f7c",
        "sha256:b6b61c90b9db71313b7f68625266b0990e8490fcf5bc3af184a28e3db2c9308e",
        "sha256:604ac3bb5f744fd9c2d87ceed002875dc39142c0e3e341a5f2b2b8a7013d473e",
        "sha256:5511d3ddc47c506ac660c3c2010f3cfbc58d6df55e083458eda96db30d694bb6",
        "sha256:f485845f56702d2aacdda6afa344439f1df1a7afe0d30803df6fa8b3de769dbb",
        "sha256:4dc76d625b0744afaac7cce5a688d9e2514c204e39b8858562112777db9afbf5",
        "sha256:2ef44b07d793b5dca9fdad7f4509b6d8f0e5dc10c7694d5b0e8670a90de43401",
        "sha256:38d66999bcee6bba90bdf55b548d604938cca2b307fee73f20c5c6b81f371bd5",
        "sha256:236bd978a6cd644df320af7d333771097bba2d354212bd0f9c8710a2e2e069f5",
        "sha256:d85019f9428b55920a2ba5ec223fb7c56d94f9dd9498eca72de138515c94cb2a",
        "sha256:2c11f2c9a36f8df48615144351d056115bbaaa1bc21b23682fd24e310e29439c",
        "sha256:79021c9a7b6f60d3040388c54952a5e7168e8181dd2011c3f14c2e6e847828f1",
        "sha256:87d9da49253d00adda6b039a42cbb69f76a3cb0ba4fc289a192eb90325ad0a90",
        "sha256:772cfec25ed119f9f6e0a8e3aaad6e8eaef7689f6bbfd8f2964566f427cbebd7",
        "sha256:444569fa5238688631451476a0c69ee87c36d7def7649a0df9667e0a481caed0",
        "sha256:ab8272886fa52632d3d3cdf3a3a72e64f8ed6ebc39959c3966f9cebdec3ac19f"
      ],
      "measurement": "measured",
      "method": "derived",
      "metricId": "dx.flight.active.ms",
      "numerator": null,
      "reason": "1 interval(s); idle gap 30 min",
      "unit": "ms",
      "value": 30788
    },
    {
      "asOf": "2026-09-30T12:47:52.544Z",
      "attribution": "provisional",
      "checkpoint": "branch:feature/c17-real-flight",
      "coverage": [
        {
          "adapterId": "cursor-cli",
          "expectedItems": 77,
          "gaps": [
            {
              "code": "no-cost-in-cli-output",
              "message": "cursor-agent print output reports no charge or price; money stays unavailable from this source."
            },
            {
              "code": "no-reasoning-tokens",
              "message": "cursor-agent usage reports input/output/cacheRead/cacheWrite only; reasoning tokens are unavailable."
            },
            {
              "code": "no-branch-in-cli-output",
              "message": "CLI output carries cwd but no Git branch; branch comes from the collect context only."
            },
            {
              "code": "may-overlap-hooks-stop",
              "message": "The same turn may also be reported by Cursor Stop hooks; correlation must collapse by session/request, never sum."
            }
          ],
          "observedItems": 1,
          "state": "partial",
          "watermark": "2026-09-30T12:47:49.059Z",
          "windowFrom": "2026-09-30T12:47:49.059Z",
          "windowTo": "2026-09-30T12:47:49.059Z"
        },
        {
          "adapterId": "cursor-hooks",
          "expectedItems": 20,
          "gaps": [
            {
              "code": "hooks-begin-at-install",
              "message": "hook events exist only after project .cursor/hooks.json is installed; earlier history needs a labelled import"
            },
            {
              "code": "stop-usage-unverified",
              "message": "stop-hook token/cost fields are kept raw with semanticsVerified=false and must not be summed until a semantic probe passes"
            },
            {
              "code": "live-capture-not-demonstrated",
              "message": "no authenticated cursor-agent session was available to this worker; payload shapes come from documented fixtures"
            }
          ],
          "observedItems": 20,
          "state": "complete",
          "watermark": "001790772469504-49bf9b675ef5b5399830fd42.json",
          "windowFrom": "2026-09-30T12:47:20.849Z",
          "windowTo": "2026-09-30T12:47:49.504Z"
        },
        {
          "adapterId": "cursor-transcripts",
          "expectedItems": null,
          "gaps": [
            {
              "code": "charge-unavailable",
              "message": "Cursor transcripts carry no billed charge; money stays unavailable unless a billing source is imported"
            },
            {
              "code": "malformed-lines",
              "message": "1 line(s) were not transcript JSON and were skipped"
            },
            {
              "code": "usage-unavailable",
              "message": "1 turn(s) had no usage fields; tokens unavailable (visible-text estimate only)"
            },
            {
              "code": "timestamps-absent",
              "message": "1 turn(s) have no per-turn timestamp in the transcript; occurredAt unknown"
            }
          ],
          "observedItems": 1,
          "state": "partial",
          "watermark": null,
          "windowFrom": null,
          "windowTo": null
        },
        {
          "adapterId": "git-history",
          "expectedItems": 1,
          "gaps": [],
          "observedItems": 1,
          "state": "complete",
          "watermark": "dc4e0d96eb3ef09ec8c87140f4c384e599754b07",
          "windowFrom": "2026-09-30T12:47:49.000Z",
          "windowTo": "2026-09-30T12:47:49.000Z"
        },
        {
          "adapterId": "git-observation",
          "expectedItems": null,
          "gaps": [
            {
              "code": "observation-not-history",
              "message": "Working-tree state is sampled only when collect runs; edits made and reverted between observations are not seen."
            },
            {
              "code": "reflog-local-retention",
              "message": "Branch reflog is local to this clone and expires with git gc; branches fetched or created elsewhere have no creation entry."
            },
            {
              "code": "no-ai-attribution",
              "message": "Git observation carries no evidence of who or what authored a change; attribution stays unassigned."
            }
          ],
          "observedItems": 3,
          "state": "partial",
          "watermark": "2026-09-30T12:47:51.648Z",
          "windowFrom": "2026-09-30T12:47:17.000Z",
          "windowTo": "2026-09-30T12:47:51.648Z"
        },
        {
          "adapterId": "local-test",
          "expectedItems": 1,
          "gaps": [
            {
              "code": "command-sessions-absent",
              "message": "No command session file supplied; test results are not joined to commands."
            }
          ],
          "observedItems": 1,
          "state": "complete",
          "watermark": null,
          "windowFrom": null,
          "windowTo": null
        }
      ],
      "definition": {
        "description": "Union of AI agent intervals: explicit turn/run durations (durationMs, startedAt/completedAt) plus per-session activity spans split at idle gaps over 30 min; overlapping sessions and sources count once.",
        "id": "dx.flight.agent.ms",
        "unit": "ms",
        "version": "1.0.0"
      },
      "denominator": null,
      "evidenceIds": [
        "sha256:e5f89debe7d4b59d00e041f23ea90aa009c23ae5b160479e495e053affef2696",
        "sha256:df7b07bd849a91cf2c0c12832841cd036f5da30475ac3486621eef258836ef56",
        "sha256:b6b61c90b9db71313b7f68625266b0990e8490fcf5bc3af184a28e3db2c9308e",
        "sha256:604ac3bb5f744fd9c2d87ceed002875dc39142c0e3e341a5f2b2b8a7013d473e",
        "sha256:5511d3ddc47c506ac660c3c2010f3cfbc58d6df55e083458eda96db30d694bb6",
        "sha256:f485845f56702d2aacdda6afa344439f1df1a7afe0d30803df6fa8b3de769dbb",
        "sha256:4dc76d625b0744afaac7cce5a688d9e2514c204e39b8858562112777db9afbf5",
        "sha256:2ef44b07d793b5dca9fdad7f4509b6d8f0e5dc10c7694d5b0e8670a90de43401",
        "sha256:38d66999bcee6bba90bdf55b548d604938cca2b307fee73f20c5c6b81f371bd5",
        "sha256:236bd978a6cd644df320af7d333771097bba2d354212bd0f9c8710a2e2e069f5",
        "sha256:d85019f9428b55920a2ba5ec223fb7c56d94f9dd9498eca72de138515c94cb2a",
        "sha256:2c11f2c9a36f8df48615144351d056115bbaaa1bc21b23682fd24e310e29439c",
        "sha256:79021c9a7b6f60d3040388c54952a5e7168e8181dd2011c3f14c2e6e847828f1",
        "sha256:87d9da49253d00adda6b039a42cbb69f76a3cb0ba4fc289a192eb90325ad0a90",
        "sha256:bcaa3bd98207705651be8447f8ed3df9f4ce88cf82e5a9590288cd6ec9a0b1c8",
        "sha256:d2026686e586d9e19c2338393146b4f8fab36b019d558b7c50f3b1cf607caeb0",
        "sha256:772cfec25ed119f9f6e0a8e3aaad6e8eaef7689f6bbfd8f2964566f427cbebd7",
        "sha256:444569fa5238688631451476a0c69ee87c36d7def7649a0df9667e0a481caed0",
        "sha256:ab8272886fa52632d3d3cdf3a3a72e64f8ed6ebc39959c3966f9cebdec3ac19f",
        "sha256:d688b60475907ef1f3326ec13acb1d95c0fb248b250feeb59b1a96ce8fa61f7c"
      ],
      "measurement": "measured",
      "method": "derived",
      "metricId": "dx.flight.agent.ms",
      "numerator": null,
      "reason": "18 source interval(s) merged into 1; 61405.68798828125 ms of overlap counted once",
      "unit": "ms",
      "value": 30788
    },
    {
      "asOf": "2026-09-30T12:47:52.544Z",
      "attribution": "not-applicable",
      "checkpoint": "branch:feature/c17-real-flight",
      "coverage": [
        {
          "adapterId": "cursor-cli",
          "expectedItems": 77,
          "gaps": [
            {
              "code": "no-cost-in-cli-output",
              "message": "cursor-agent print output reports no charge or price; money stays unavailable from this source."
            },
            {
              "code": "no-reasoning-tokens",
              "message": "cursor-agent usage reports input/output/cacheRead/cacheWrite only; reasoning tokens are unavailable."
            },
            {
              "code": "no-branch-in-cli-output",
              "message": "CLI output carries cwd but no Git branch; branch comes from the collect context only."
            },
            {
              "code": "may-overlap-hooks-stop",
              "message": "The same turn may also be reported by Cursor Stop hooks; correlation must collapse by session/request, never sum."
            }
          ],
          "observedItems": 1,
          "state": "partial",
          "watermark": "2026-09-30T12:47:49.059Z",
          "windowFrom": "2026-09-30T12:47:49.059Z",
          "windowTo": "2026-09-30T12:47:49.059Z"
        },
        {
          "adapterId": "cursor-hooks",
          "expectedItems": 20,
          "gaps": [
            {
              "code": "hooks-begin-at-install",
              "message": "hook events exist only after project .cursor/hooks.json is installed; earlier history needs a labelled import"
            },
            {
              "code": "stop-usage-unverified",
              "message": "stop-hook token/cost fields are kept raw with semanticsVerified=false and must not be summed until a semantic probe passes"
            },
            {
              "code": "live-capture-not-demonstrated",
              "message": "no authenticated cursor-agent session was available to this worker; payload shapes come from documented fixtures"
            }
          ],
          "observedItems": 20,
          "state": "complete",
          "watermark": "001790772469504-49bf9b675ef5b5399830fd42.json",
          "windowFrom": "2026-09-30T12:47:20.849Z",
          "windowTo": "2026-09-30T12:47:49.504Z"
        },
        {
          "adapterId": "cursor-transcripts",
          "expectedItems": null,
          "gaps": [
            {
              "code": "charge-unavailable",
              "message": "Cursor transcripts carry no billed charge; money stays unavailable unless a billing source is imported"
            },
            {
              "code": "malformed-lines",
              "message": "1 line(s) were not transcript JSON and were skipped"
            },
            {
              "code": "usage-unavailable",
              "message": "1 turn(s) had no usage fields; tokens unavailable (visible-text estimate only)"
            },
            {
              "code": "timestamps-absent",
              "message": "1 turn(s) have no per-turn timestamp in the transcript; occurredAt unknown"
            }
          ],
          "observedItems": 1,
          "state": "partial",
          "watermark": null,
          "windowFrom": null,
          "windowTo": null
        },
        {
          "adapterId": "git-history",
          "expectedItems": 1,
          "gaps": [],
          "observedItems": 1,
          "state": "complete",
          "watermark": "dc4e0d96eb3ef09ec8c87140f4c384e599754b07",
          "windowFrom": "2026-09-30T12:47:49.000Z",
          "windowTo": "2026-09-30T12:47:49.000Z"
        },
        {
          "adapterId": "git-observation",
          "expectedItems": null,
          "gaps": [
            {
              "code": "observation-not-history",
              "message": "Working-tree state is sampled only when collect runs; edits made and reverted between observations are not seen."
            },
            {
              "code": "reflog-local-retention",
              "message": "Branch reflog is local to this clone and expires with git gc; branches fetched or created elsewhere have no creation entry."
            },
            {
              "code": "no-ai-attribution",
              "message": "Git observation carries no evidence of who or what authored a change; attribution stays unassigned."
            }
          ],
          "observedItems": 3,
          "state": "partial",
          "watermark": "2026-09-30T12:47:51.648Z",
          "windowFrom": "2026-09-30T12:47:17.000Z",
          "windowTo": "2026-09-30T12:47:51.648Z"
        },
        {
          "adapterId": "local-test",
          "expectedItems": 1,
          "gaps": [
            {
              "code": "command-sessions-absent",
              "message": "No command session file supplied; test results are not joined to commands."
            }
          ],
          "observedItems": 1,
          "state": "complete",
          "watermark": null,
          "windowFrom": null,
          "windowTo": null
        }
      ],
      "definition": {
        "description": "Branch lifetime from creation (reflog creation entry, else the earliest of first branch-only commit, oldest reflog entry or first observed activity) until PR merge, else until the snapshot as-of time.",
        "id": "dx.flight.branch-age.ms",
        "unit": "ms",
        "version": "1.0.0"
      },
      "denominator": null,
      "evidenceIds": [
        "sha256:65d878b2c578e58026663981f4367007a67673024d6fb95bf34ac2bd21165525"
      ],
      "measurement": "partial",
      "method": "observed",
      "metricId": "dx.flight.branch-age.ms",
      "numerator": null,
      "reason": "start=reflog-branch-created@2026-09-30T12:47:17.000Z; end=as-of@2026-09-30T12:47:52.544Z; branch not merged; open until as-of",
      "unit": "ms",
      "value": 35544
    },
    {
      "asOf": "2026-09-30T12:47:52.544Z",
      "attribution": "not-applicable",
      "checkpoint": "branch:feature/c17-real-flight",
      "coverage": [
        {
          "adapterId": "cursor-cli",
          "expectedItems": 77,
          "gaps": [
            {
              "code": "no-cost-in-cli-output",
              "message": "cursor-agent print output reports no charge or price; money stays unavailable from this source."
            },
            {
              "code": "no-reasoning-tokens",
              "message": "cursor-agent usage reports input/output/cacheRead/cacheWrite only; reasoning tokens are unavailable."
            },
            {
              "code": "no-branch-in-cli-output",
              "message": "CLI output carries cwd but no Git branch; branch comes from the collect context only."
            },
            {
              "code": "may-overlap-hooks-stop",
              "message": "The same turn may also be reported by Cursor Stop hooks; correlation must collapse by session/request, never sum."
            }
          ],
          "observedItems": 1,
          "state": "partial",
          "watermark": "2026-09-30T12:47:49.059Z",
          "windowFrom": "2026-09-30T12:47:49.059Z",
          "windowTo": "2026-09-30T12:47:49.059Z"
        },
        {
          "adapterId": "cursor-hooks",
          "expectedItems": 20,
          "gaps": [
            {
              "code": "hooks-begin-at-install",
              "message": "hook events exist only after project .cursor/hooks.json is installed; earlier history needs a labelled import"
            },
            {
              "code": "stop-usage-unverified",
              "message": "stop-hook token/cost fields are kept raw with semanticsVerified=false and must not be summed until a semantic probe passes"
            },
            {
              "code": "live-capture-not-demonstrated",
              "message": "no authenticated cursor-agent session was available to this worker; payload shapes come from documented fixtures"
            }
          ],
          "observedItems": 20,
          "state": "complete",
          "watermark": "001790772469504-49bf9b675ef5b5399830fd42.json",
          "windowFrom": "2026-09-30T12:47:20.849Z",
          "windowTo": "2026-09-30T12:47:49.504Z"
        },
        {
          "adapterId": "cursor-transcripts",
          "expectedItems": null,
          "gaps": [
            {
              "code": "charge-unavailable",
              "message": "Cursor transcripts carry no billed charge; money stays unavailable unless a billing source is imported"
            },
            {
              "code": "malformed-lines",
              "message": "1 line(s) were not transcript JSON and were skipped"
            },
            {
              "code": "usage-unavailable",
              "message": "1 turn(s) had no usage fields; tokens unavailable (visible-text estimate only)"
            },
            {
              "code": "timestamps-absent",
              "message": "1 turn(s) have no per-turn timestamp in the transcript; occurredAt unknown"
            }
          ],
          "observedItems": 1,
          "state": "partial",
          "watermark": null,
          "windowFrom": null,
          "windowTo": null
        },
        {
          "adapterId": "git-history",
          "expectedItems": 1,
          "gaps": [],
          "observedItems": 1,
          "state": "complete",
          "watermark": "dc4e0d96eb3ef09ec8c87140f4c384e599754b07",
          "windowFrom": "2026-09-30T12:47:49.000Z",
          "windowTo": "2026-09-30T12:47:49.000Z"
        },
        {
          "adapterId": "git-observation",
          "expectedItems": null,
          "gaps": [
            {
              "code": "observation-not-history",
              "message": "Working-tree state is sampled only when collect runs; edits made and reverted between observations are not seen."
            },
            {
              "code": "reflog-local-retention",
              "message": "Branch reflog is local to this clone and expires with git gc; branches fetched or created elsewhere have no creation entry."
            },
            {
              "code": "no-ai-attribution",
              "message": "Git observation carries no evidence of who or what authored a change; attribution stays unassigned."
            }
          ],
          "observedItems": 3,
          "state": "partial",
          "watermark": "2026-09-30T12:47:51.648Z",
          "windowFrom": "2026-09-30T12:47:17.000Z",
          "windowTo": "2026-09-30T12:47:51.648Z"
        },
        {
          "adapterId": "local-test",
          "expectedItems": 1,
          "gaps": [
            {
              "code": "command-sessions-absent",
              "message": "No command session file supplied; test results are not joined to commands."
            }
          ],
          "observedItems": 1,
          "state": "complete",
          "watermark": null,
          "windowFrom": null,
          "windowTo": null
        }
      ],
      "definition": {
        "description": "Distinct commits observed on the branch.",
        "id": "dx.flight.commits",
        "unit": "commits",
        "version": "1.0.0"
      },
      "denominator": null,
      "evidenceIds": [
        "sha256:950266f62a6551af6976559761e5b9e39c95a381ae6bd0b2c7cd4d100acd3930"
      ],
      "measurement": "measured",
      "method": "observed",
      "metricId": "dx.flight.commits",
      "numerator": null,
      "reason": null,
      "unit": "commits",
      "value": 1
    },
    {
      "asOf": "2026-09-30T12:47:52.544Z",
      "attribution": "not-applicable",
      "checkpoint": "branch:feature/c17-real-flight",
      "coverage": [
        {
          "adapterId": "cursor-cli",
          "expectedItems": 77,
          "gaps": [
            {
              "code": "no-cost-in-cli-output",
              "message": "cursor-agent print output reports no charge or price; money stays unavailable from this source."
            },
            {
              "code": "no-reasoning-tokens",
              "message": "cursor-agent usage reports input/output/cacheRead/cacheWrite only; reasoning tokens are unavailable."
            },
            {
              "code": "no-branch-in-cli-output",
              "message": "CLI output carries cwd but no Git branch; branch comes from the collect context only."
            },
            {
              "code": "may-overlap-hooks-stop",
              "message": "The same turn may also be reported by Cursor Stop hooks; correlation must collapse by session/request, never sum."
            }
          ],
          "observedItems": 1,
          "state": "partial",
          "watermark": "2026-09-30T12:47:49.059Z",
          "windowFrom": "2026-09-30T12:47:49.059Z",
          "windowTo": "2026-09-30T12:47:49.059Z"
        },
        {
          "adapterId": "cursor-hooks",
          "expectedItems": 20,
          "gaps": [
            {
              "code": "hooks-begin-at-install",
              "message": "hook events exist only after project .cursor/hooks.json is installed; earlier history needs a labelled import"
            },
            {
              "code": "stop-usage-unverified",
              "message": "stop-hook token/cost fields are kept raw with semanticsVerified=false and must not be summed until a semantic probe passes"
            },
            {
              "code": "live-capture-not-demonstrated",
              "message": "no authenticated cursor-agent session was available to this worker; payload shapes come from documented fixtures"
            }
          ],
          "observedItems": 20,
          "state": "complete",
          "watermark": "001790772469504-49bf9b675ef5b5399830fd42.json",
          "windowFrom": "2026-09-30T12:47:20.849Z",
          "windowTo": "2026-09-30T12:47:49.504Z"
        },
        {
          "adapterId": "cursor-transcripts",
          "expectedItems": null,
          "gaps": [
            {
              "code": "charge-unavailable",
              "message": "Cursor transcripts carry no billed charge; money stays unavailable unless a billing source is imported"
            },
            {
              "code": "malformed-lines",
              "message": "1 line(s) were not transcript JSON and were skipped"
            },
            {
              "code": "usage-unavailable",
              "message": "1 turn(s) had no usage fields; tokens unavailable (visible-text estimate only)"
            },
            {
              "code": "timestamps-absent",
              "message": "1 turn(s) have no per-turn timestamp in the transcript; occurredAt unknown"
            }
          ],
          "observedItems": 1,
          "state": "partial",
          "watermark": null,
          "windowFrom": null,
          "windowTo": null
        },
        {
          "adapterId": "git-history",
          "expectedItems": 1,
          "gaps": [],
          "observedItems": 1,
          "state": "complete",
          "watermark": "dc4e0d96eb3ef09ec8c87140f4c384e599754b07",
          "windowFrom": "2026-09-30T12:47:49.000Z",
          "windowTo": "2026-09-30T12:47:49.000Z"
        },
        {
          "adapterId": "git-observation",
          "expectedItems": null,
          "gaps": [
            {
              "code": "observation-not-history",
              "message": "Working-tree state is sampled only when collect runs; edits made and reverted between observations are not seen."
            },
            {
              "code": "reflog-local-retention",
              "message": "Branch reflog is local to this clone and expires with git gc; branches fetched or created elsewhere have no creation entry."
            },
            {
              "code": "no-ai-attribution",
              "message": "Git observation carries no evidence of who or what authored a change; attribution stays unassigned."
            }
          ],
          "observedItems": 3,
          "state": "partial",
          "watermark": "2026-09-30T12:47:51.648Z",
          "windowFrom": "2026-09-30T12:47:17.000Z",
          "windowTo": "2026-09-30T12:47:51.648Z"
        },
        {
          "adapterId": "local-test",
          "expectedItems": 1,
          "gaps": [
            {
              "code": "command-sessions-absent",
              "message": "No command session file supplied; test results are not joined to commands."
            }
          ],
          "observedItems": 1,
          "state": "complete",
          "watermark": null,
          "windowFrom": null,
          "windowTo": null
        }
      ],
      "definition": {
        "description": "Earliest commit time on the branch (author date, else committer date).",
        "id": "dx.flight.first-commit-at",
        "unit": "epoch-ms",
        "version": "1.0.0"
      },
      "denominator": null,
      "evidenceIds": [
        "sha256:950266f62a6551af6976559761e5b9e39c95a381ae6bd0b2c7cd4d100acd3930"
      ],
      "measurement": "measured",
      "method": "observed",
      "metricId": "dx.flight.first-commit-at",
      "numerator": null,
      "reason": "sha=dc4e0d96eb3e@2026-09-30T12:47:49.000Z",
      "unit": "epoch-ms",
      "value": 1790772469000
    },
    {
      "asOf": "2026-09-30T12:47:52.544Z",
      "attribution": "not-applicable",
      "checkpoint": "branch:feature/c17-real-flight",
      "coverage": [
        {
          "adapterId": "cursor-cli",
          "expectedItems": 77,
          "gaps": [
            {
              "code": "no-cost-in-cli-output",
              "message": "cursor-agent print output reports no charge or price; money stays unavailable from this source."
            },
            {
              "code": "no-reasoning-tokens",
              "message": "cursor-agent usage reports input/output/cacheRead/cacheWrite only; reasoning tokens are unavailable."
            },
            {
              "code": "no-branch-in-cli-output",
              "message": "CLI output carries cwd but no Git branch; branch comes from the collect context only."
            },
            {
              "code": "may-overlap-hooks-stop",
              "message": "The same turn may also be reported by Cursor Stop hooks; correlation must collapse by session/request, never sum."
            }
          ],
          "observedItems": 1,
          "state": "partial",
          "watermark": "2026-09-30T12:47:49.059Z",
          "windowFrom": "2026-09-30T12:47:49.059Z",
          "windowTo": "2026-09-30T12:47:49.059Z"
        },
        {
          "adapterId": "cursor-hooks",
          "expectedItems": 20,
          "gaps": [
            {
              "code": "hooks-begin-at-install",
              "message": "hook events exist only after project .cursor/hooks.json is installed; earlier history needs a labelled import"
            },
            {
              "code": "stop-usage-unverified",
              "message": "stop-hook token/cost fields are kept raw with semanticsVerified=false and must not be summed until a semantic probe passes"
            },
            {
              "code": "live-capture-not-demonstrated",
              "message": "no authenticated cursor-agent session was available to this worker; payload shapes come from documented fixtures"
            }
          ],
          "observedItems": 20,
          "state": "complete",
          "watermark": "001790772469504-49bf9b675ef5b5399830fd42.json",
          "windowFrom": "2026-09-30T12:47:20.849Z",
          "windowTo": "2026-09-30T12:47:49.504Z"
        },
        {
          "adapterId": "cursor-transcripts",
          "expectedItems": null,
          "gaps": [
            {
              "code": "charge-unavailable",
              "message": "Cursor transcripts carry no billed charge; money stays unavailable unless a billing source is imported"
            },
            {
              "code": "malformed-lines",
              "message": "1 line(s) were not transcript JSON and were skipped"
            },
            {
              "code": "usage-unavailable",
              "message": "1 turn(s) had no usage fields; tokens unavailable (visible-text estimate only)"
            },
            {
              "code": "timestamps-absent",
              "message": "1 turn(s) have no per-turn timestamp in the transcript; occurredAt unknown"
            }
          ],
          "observedItems": 1,
          "state": "partial",
          "watermark": null,
          "windowFrom": null,
          "windowTo": null
        },
        {
          "adapterId": "git-history",
          "expectedItems": 1,
          "gaps": [],
          "observedItems": 1,
          "state": "complete",
          "watermark": "dc4e0d96eb3ef09ec8c87140f4c384e599754b07",
          "windowFrom": "2026-09-30T12:47:49.000Z",
          "windowTo": "2026-09-30T12:47:49.000Z"
        },
        {
          "adapterId": "git-observation",
          "expectedItems": null,
          "gaps": [
            {
              "code": "observation-not-history",
              "message": "Working-tree state is sampled only when collect runs; edits made and reverted between observations are not seen."
            },
            {
              "code": "reflog-local-retention",
              "message": "Branch reflog is local to this clone and expires with git gc; branches fetched or created elsewhere have no creation entry."
            },
            {
              "code": "no-ai-attribution",
              "message": "Git observation carries no evidence of who or what authored a change; attribution stays unassigned."
            }
          ],
          "observedItems": 3,
          "state": "partial",
          "watermark": "2026-09-30T12:47:51.648Z",
          "windowFrom": "2026-09-30T12:47:17.000Z",
          "windowTo": "2026-09-30T12:47:51.648Z"
        },
        {
          "adapterId": "local-test",
          "expectedItems": 1,
          "gaps": [
            {
              "code": "command-sessions-absent",
              "message": "No command session file supplied; test results are not joined to commands."
            }
          ],
          "observedItems": 1,
          "state": "complete",
          "watermark": null,
          "windowFrom": null,
          "windowTo": null
        }
      ],
      "definition": {
        "description": "Latest commit time on the branch (author date, else committer date).",
        "id": "dx.flight.last-commit-at",
        "unit": "epoch-ms",
        "version": "1.0.0"
      },
      "denominator": null,
      "evidenceIds": [
        "sha256:950266f62a6551af6976559761e5b9e39c95a381ae6bd0b2c7cd4d100acd3930"
      ],
      "measurement": "measured",
      "method": "observed",
      "metricId": "dx.flight.last-commit-at",
      "numerator": null,
      "reason": "sha=dc4e0d96eb3e@2026-09-30T12:47:49.000Z",
      "unit": "epoch-ms",
      "value": 1790772469000
    },
    {
      "asOf": "2026-09-30T12:47:52.544Z",
      "attribution": "provisional",
      "checkpoint": "branch:feature/c17-real-flight",
      "coverage": [
        {
          "adapterId": "cursor-cli",
          "expectedItems": 77,
          "gaps": [
            {
              "code": "no-cost-in-cli-output",
              "message": "cursor-agent print output reports no charge or price; money stays unavailable from this source."
            },
            {
              "code": "no-reasoning-tokens",
              "message": "cursor-agent usage reports input/output/cacheRead/cacheWrite only; reasoning tokens are unavailable."
            },
            {
              "code": "no-branch-in-cli-output",
              "message": "CLI output carries cwd but no Git branch; branch comes from the collect context only."
            },
            {
              "code": "may-overlap-hooks-stop",
              "message": "The same turn may also be reported by Cursor Stop hooks; correlation must collapse by session/request, never sum."
            }
          ],
          "observedItems": 1,
          "state": "partial",
          "watermark": "2026-09-30T12:47:49.059Z",
          "windowFrom": "2026-09-30T12:47:49.059Z",
          "windowTo": "2026-09-30T12:47:49.059Z"
        },
        {
          "adapterId": "cursor-hooks",
          "expectedItems": 20,
          "gaps": [
            {
              "code": "hooks-begin-at-install",
              "message": "hook events exist only after project .cursor/hooks.json is installed; earlier history needs a labelled import"
            },
            {
              "code": "stop-usage-unverified",
              "message": "stop-hook token/cost fields are kept raw with semanticsVerified=false and must not be summed until a semantic probe passes"
            },
            {
              "code": "live-capture-not-demonstrated",
              "message": "no authenticated cursor-agent session was available to this worker; payload shapes come from documented fixtures"
            }
          ],
          "observedItems": 20,
          "state": "complete",
          "watermark": "001790772469504-49bf9b675ef5b5399830fd42.json",
          "windowFrom": "2026-09-30T12:47:20.849Z",
          "windowTo": "2026-09-30T12:47:49.504Z"
        },
        {
          "adapterId": "cursor-transcripts",
          "expectedItems": null,
          "gaps": [
            {
              "code": "charge-unavailable",
              "message": "Cursor transcripts carry no billed charge; money stays unavailable unless a billing source is imported"
            },
            {
              "code": "malformed-lines",
              "message": "1 line(s) were not transcript JSON and were skipped"
            },
            {
              "code": "usage-unavailable",
              "message": "1 turn(s) had no usage fields; tokens unavailable (visible-text estimate only)"
            },
            {
              "code": "timestamps-absent",
              "message": "1 turn(s) have no per-turn timestamp in the transcript; occurredAt unknown"
            }
          ],
          "observedItems": 1,
          "state": "partial",
          "watermark": null,
          "windowFrom": null,
          "windowTo": null
        },
        {
          "adapterId": "git-history",
          "expectedItems": 1,
          "gaps": [],
          "observedItems": 1,
          "state": "complete",
          "watermark": "dc4e0d96eb3ef09ec8c87140f4c384e599754b07",
          "windowFrom": "2026-09-30T12:47:49.000Z",
          "windowTo": "2026-09-30T12:47:49.000Z"
        },
        {
          "adapterId": "git-observation",
          "expectedItems": null,
          "gaps": [
            {
              "code": "observation-not-history",
              "message": "Working-tree state is sampled only when collect runs; edits made and reverted between observations are not seen."
            },
            {
              "code": "reflog-local-retention",
              "message": "Branch reflog is local to this clone and expires with git gc; branches fetched or created elsewhere have no creation entry."
            },
            {
              "code": "no-ai-attribution",
              "message": "Git observation carries no evidence of who or what authored a change; attribution stays unassigned."
            }
          ],
          "observedItems": 3,
          "state": "partial",
          "watermark": "2026-09-30T12:47:51.648Z",
          "windowFrom": "2026-09-30T12:47:17.000Z",
          "windowTo": "2026-09-30T12:47:51.648Z"
        },
        {
          "adapterId": "local-test",
          "expectedItems": 1,
          "gaps": [
            {
              "code": "command-sessions-absent",
              "message": "No command session file supplied; test results are not joined to commands."
            }
          ],
          "observedItems": 1,
          "state": "complete",
          "watermark": null,
          "windowFrom": null,
          "windowTo": null
        }
      ],
      "definition": {
        "description": "AI tool calls, deduplicated across sources by request/turn match keys; per key group the highest-precedence source wins. Session-level totals are used only for sessions with no per-turn data.",
        "id": "dx.flight.tool-calls",
        "unit": "calls",
        "version": "1.0.0"
      },
      "denominator": null,
      "evidenceIds": [
        "sha256:d688b60475907ef1f3326ec13acb1d95c0fb248b250feeb59b1a96ce8fa61f7c",
        "sha256:4ba29166d5f9e3aef6279abdd1acbf8cca63c102140585a6218a68ea34ed51ba",
        "sha256:b6b61c90b9db71313b7f68625266b0990e8490fcf5bc3af184a28e3db2c9308e",
        "sha256:604ac3bb5f744fd9c2d87ceed002875dc39142c0e3e341a5f2b2b8a7013d473e",
        "sha256:5511d3ddc47c506ac660c3c2010f3cfbc58d6df55e083458eda96db30d694bb6",
        "sha256:f485845f56702d2aacdda6afa344439f1df1a7afe0d30803df6fa8b3de769dbb",
        "sha256:4dc76d625b0744afaac7cce5a688d9e2514c204e39b8858562112777db9afbf5",
        "sha256:38d66999bcee6bba90bdf55b548d604938cca2b307fee73f20c5c6b81f371bd5",
        "sha256:236bd978a6cd644df320af7d333771097bba2d354212bd0f9c8710a2e2e069f5",
        "sha256:2c11f2c9a36f8df48615144351d056115bbaaa1bc21b23682fd24e310e29439c",
        "sha256:79021c9a7b6f60d3040388c54952a5e7168e8181dd2011c3f14c2e6e847828f1",
        "sha256:87d9da49253d00adda6b039a42cbb69f76a3cb0ba4fc289a192eb90325ad0a90",
        "sha256:772cfec25ed119f9f6e0a8e3aaad6e8eaef7689f6bbfd8f2964566f427cbebd7",
        "sha256:ab8272886fa52632d3d3cdf3a3a72e64f8ed6ebc39959c3966f9cebdec3ac19f"
      ],
      "measurement": "measured",
      "method": "observed",
      "metricId": "dx.flight.tool-calls",
      "numerator": null,
      "reason": "3 report(s); 0 duplicate report(s) collapsed",
      "unit": "calls",
      "value": 36
    },
    {
      "asOf": "2026-09-30T12:47:52.544Z",
      "attribution": "not-applicable",
      "checkpoint": null,
      "coverage": [
        {
          "adapterId": "cursor-cli",
          "expectedItems": 77,
          "gaps": [
            {
              "code": "no-cost-in-cli-output",
              "message": "cursor-agent print output reports no charge or price; money stays unavailable from this source."
            },
            {
              "code": "no-reasoning-tokens",
              "message": "cursor-agent usage reports input/output/cacheRead/cacheWrite only; reasoning tokens are unavailable."
            },
            {
              "code": "no-branch-in-cli-output",
              "message": "CLI output carries cwd but no Git branch; branch comes from the collect context only."
            },
            {
              "code": "may-overlap-hooks-stop",
              "message": "The same turn may also be reported by Cursor Stop hooks; correlation must collapse by session/request, never sum."
            }
          ],
          "observedItems": 1,
          "state": "partial",
          "watermark": "2026-09-30T12:47:49.059Z",
          "windowFrom": "2026-09-30T12:47:49.059Z",
          "windowTo": "2026-09-30T12:47:49.059Z"
        },
        {
          "adapterId": "cursor-hooks",
          "expectedItems": 20,
          "gaps": [
            {
              "code": "hooks-begin-at-install",
              "message": "hook events exist only after project .cursor/hooks.json is installed; earlier history needs a labelled import"
            },
            {
              "code": "stop-usage-unverified",
              "message": "stop-hook token/cost fields are kept raw with semanticsVerified=false and must not be summed until a semantic probe passes"
            },
            {
              "code": "live-capture-not-demonstrated",
              "message": "no authenticated cursor-agent session was available to this worker; payload shapes come from documented fixtures"
            }
          ],
          "observedItems": 20,
          "state": "complete",
          "watermark": "001790772469504-49bf9b675ef5b5399830fd42.json",
          "windowFrom": "2026-09-30T12:47:20.849Z",
          "windowTo": "2026-09-30T12:47:49.504Z"
        },
        {
          "adapterId": "cursor-transcripts",
          "expectedItems": null,
          "gaps": [
            {
              "code": "charge-unavailable",
              "message": "Cursor transcripts carry no billed charge; money stays unavailable unless a billing source is imported"
            },
            {
              "code": "malformed-lines",
              "message": "1 line(s) were not transcript JSON and were skipped"
            },
            {
              "code": "usage-unavailable",
              "message": "1 turn(s) had no usage fields; tokens unavailable (visible-text estimate only)"
            },
            {
              "code": "timestamps-absent",
              "message": "1 turn(s) have no per-turn timestamp in the transcript; occurredAt unknown"
            }
          ],
          "observedItems": 1,
          "state": "partial",
          "watermark": null,
          "windowFrom": null,
          "windowTo": null
        },
        {
          "adapterId": "git-history",
          "expectedItems": 1,
          "gaps": [],
          "observedItems": 1,
          "state": "complete",
          "watermark": "dc4e0d96eb3ef09ec8c87140f4c384e599754b07",
          "windowFrom": "2026-09-30T12:47:49.000Z",
          "windowTo": "2026-09-30T12:47:49.000Z"
        },
        {
          "adapterId": "git-observation",
          "expectedItems": null,
          "gaps": [
            {
              "code": "observation-not-history",
              "message": "Working-tree state is sampled only when collect runs; edits made and reverted between observations are not seen."
            },
            {
              "code": "reflog-local-retention",
              "message": "Branch reflog is local to this clone and expires with git gc; branches fetched or created elsewhere have no creation entry."
            },
            {
              "code": "no-ai-attribution",
              "message": "Git observation carries no evidence of who or what authored a change; attribution stays unassigned."
            }
          ],
          "observedItems": 3,
          "state": "partial",
          "watermark": "2026-09-30T12:47:51.648Z",
          "windowFrom": "2026-09-30T12:47:17.000Z",
          "windowTo": "2026-09-30T12:47:51.648Z"
        },
        {
          "adapterId": "local-test",
          "expectedItems": 1,
          "gaps": [
            {
              "code": "command-sessions-absent",
              "message": "No command session file supplied; test results are not joined to commands."
            }
          ],
          "observedItems": 1,
          "state": "complete",
          "watermark": null,
          "windowFrom": null,
          "windowTo": null
        }
      ],
      "definition": {
        "description": "Captured command runs with a non-zero exit code or spawn error.",
        "id": "dx.friction.failed-commands",
        "unit": "runs",
        "version": "1.0.0"
      },
      "denominator": null,
      "evidenceIds": [],
      "measurement": "unavailable",
      "method": "observed",
      "metricId": "dx.friction.failed-commands",
      "numerator": null,
      "reason": "no captured command runs in the snapshot",
      "unit": "runs",
      "value": null
    },
    {
      "asOf": "2026-09-30T12:47:52.544Z",
      "attribution": "not-applicable",
      "checkpoint": null,
      "coverage": [],
      "definition": {
        "description": "Files edited by the agent at least 5 times (observable rework).",
        "id": "dx.friction.reworked-files",
        "unit": "files",
        "version": "1.0.0"
      },
      "denominator": 2,
      "evidenceIds": [],
      "measurement": "measured",
      "method": "observed",
      "metricId": "dx.friction.reworked-files",
      "numerator": 0,
      "reason": null,
      "unit": "files",
      "value": 0
    },
    {
      "asOf": "2026-09-30T12:47:52.544Z",
      "attribution": "not-applicable",
      "checkpoint": null,
      "coverage": [
        {
          "adapterId": "local-test",
          "expectedItems": 1,
          "gaps": [
            {
              "code": "command-sessions-absent",
              "message": "No command session file supplied; test results are not joined to commands."
            }
          ],
          "observedItems": 1,
          "state": "complete",
          "watermark": null,
          "windowFrom": null,
          "windowTo": null
        }
      ],
      "definition": {
        "description": "Failed local test runs divided by test runs with a known outcome.",
        "id": "dx.friction.test-failure-rate",
        "unit": "ratio",
        "version": "1.0.0"
      },
      "denominator": 2,
      "evidenceIds": [
        "3d8d8fcb96bfa997a901397e0e33ce85f3aa8e75782a3c2be464cf1c0f05065c",
        "54971a7e8832db006b1b573ce0d1c2ff38a8e4fcae8732209c6b9947339d42a5"
      ],
      "measurement": "measured",
      "method": "observed",
      "metricId": "dx.friction.test-failure-rate",
      "numerator": 0,
      "reason": null,
      "unit": "ratio",
      "value": 0
    },
    {
      "asOf": "2026-09-30T12:47:52.544Z",
      "attribution": "not-applicable",
      "checkpoint": null,
      "coverage": [],
      "definition": {
        "description": "Local test runs whose reported counts, status or exit outcome show a failure.",
        "id": "dx.friction.test-failures",
        "unit": "runs",
        "version": "1.0.0"
      },
      "denominator": null,
      "evidenceIds": [],
      "measurement": "measured",
      "method": "observed",
      "metricId": "dx.friction.test-failures",
      "numerator": null,
      "reason": null,
      "unit": "runs",
      "value": 0
    },
    {
      "asOf": "2026-09-30T12:47:52.544Z",
      "attribution": "not-applicable",
      "checkpoint": null,
      "coverage": [
        {
          "adapterId": "local-test",
          "expectedItems": 1,
          "gaps": [
            {
              "code": "command-sessions-absent",
              "message": "No command session file supplied; test results are not joined to commands."
            }
          ],
          "observedItems": 1,
          "state": "complete",
          "watermark": null,
          "windowFrom": null,
          "windowTo": null
        }
      ],
      "definition": {
        "description": "Local test runs (test.result events) observed in the snapshot.",
        "id": "dx.friction.test-runs",
        "unit": "runs",
        "version": "1.0.0"
      },
      "denominator": null,
      "evidenceIds": [
        "3d8d8fcb96bfa997a901397e0e33ce85f3aa8e75782a3c2be464cf1c0f05065c",
        "54971a7e8832db006b1b573ce0d1c2ff38a8e4fcae8732209c6b9947339d42a5"
      ],
      "measurement": "measured",
      "method": "observed",
      "metricId": "dx.friction.test-runs",
      "numerator": null,
      "reason": null,
      "unit": "runs",
      "value": 2
    },
    {
      "asOf": "2026-09-30T12:47:52.544Z",
      "attribution": "not-applicable",
      "checkpoint": null,
      "coverage": [
        {
          "adapterId": "cursor-hooks",
          "expectedItems": 20,
          "gaps": [
            {
              "code": "hooks-begin-at-install",
              "message": "hook events exist only after project .cursor/hooks.json is installed; earlier history needs a labelled import"
            },
            {
              "code": "stop-usage-unverified",
              "message": "stop-hook token/cost fields are kept raw with semanticsVerified=false and must not be summed until a semantic probe passes"
            },
            {
              "code": "live-capture-not-demonstrated",
              "message": "no authenticated cursor-agent session was available to this worker; payload shapes come from documented fixtures"
            }
          ],
          "observedItems": 20,
          "state": "complete",
          "watermark": "001790772469504-49bf9b675ef5b5399830fd42.json",
          "windowFrom": "2026-09-30T12:47:20.849Z",
          "windowTo": "2026-09-30T12:47:49.504Z"
        }
      ],
      "definition": {
        "description": "Failed agent tool calls (postToolUseFailure or failed status) divided by observed agent tool calls.",
        "id": "dx.friction.tool-call-failure-rate",
        "unit": "ratio",
        "version": "1.0.0"
      },
      "denominator": 12,
      "evidenceIds": [
        "sha256:236bd978a6cd644df320af7d333771097bba2d354212bd0f9c8710a2e2e069f5",
        "sha256:2c11f2c9a36f8df48615144351d056115bbaaa1bc21b23682fd24e310e29439c",
        "sha256:38d66999bcee6bba90bdf55b548d604938cca2b307fee73f20c5c6b81f371bd5",
        "sha256:4dc76d625b0744afaac7cce5a688d9e2514c204e39b8858562112777db9afbf5",
        "sha256:5511d3ddc47c506ac660c3c2010f3cfbc58d6df55e083458eda96db30d694bb6",
        "sha256:604ac3bb5f744fd9c2d87ceed002875dc39142c0e3e341a5f2b2b8a7013d473e",
        "sha256:772cfec25ed119f9f6e0a8e3aaad6e8eaef7689f6bbfd8f2964566f427cbebd7",
        "sha256:79021c9a7b6f60d3040388c54952a5e7168e8181dd2011c3f14c2e6e847828f1",
        "sha256:87d9da49253d00adda6b039a42cbb69f76a3cb0ba4fc289a192eb90325ad0a90",
        "sha256:ab8272886fa52632d3d3cdf3a3a72e64f8ed6ebc39959c3966f9cebdec3ac19f",
        "sha256:b6b61c90b9db71313b7f68625266b0990e8490fcf5bc3af184a28e3db2c9308e",
        "sha256:f485845f56702d2aacdda6afa344439f1df1a7afe0d30803df6fa8b3de769dbb"
      ],
      "measurement": "measured",
      "method": "observed",
      "metricId": "dx.friction.tool-call-failure-rate",
      "numerator": 2,
      "reason": null,
      "unit": "ratio",
      "value": 0.16666666666666666
    },
    {
      "asOf": "2026-09-30T12:47:52.544Z",
      "attribution": "not-applicable",
      "checkpoint": "range:33adfd77fb66f078b561f6db523bcb7ab76e5279..dc4e0d96eb3ef09ec8c87140f4c384e599754b07",
      "coverage": [
        {
          "adapterId": "git-history",
          "expectedItems": 1,
          "gaps": [],
          "observedItems": 1,
          "state": "complete",
          "watermark": "dc4e0d96eb3ef09ec8c87140f4c384e599754b07",
          "windowFrom": "2026-09-30T12:47:49.000Z",
          "windowTo": "2026-09-30T12:47:49.000Z"
        }
      ],
      "definition": {
        "description": "Committed lines added plus lines deleted in baseSha..HEAD.",
        "id": "dx.git.churn-lines",
        "unit": "lines",
        "version": "1.0.0"
      },
      "denominator": null,
      "evidenceIds": [
        "sha256:950266f62a6551af6976559761e5b9e39c95a381ae6bd0b2c7cd4d100acd3930"
      ],
      "measurement": "measured",
      "method": "observed",
      "metricId": "dx.git.churn-lines",
      "numerator": null,
      "reason": null,
      "unit": "lines",
      "value": 14
    },
    {
      "asOf": "2026-09-30T12:47:52.544Z",
      "attribution": "not-applicable",
      "checkpoint": "range:33adfd77fb66f078b561f6db523bcb7ab76e5279..dc4e0d96eb3ef09ec8c87140f4c384e599754b07",
      "coverage": [
        {
          "adapterId": "git-history",
          "expectedItems": 1,
          "gaps": [],
          "observedItems": 1,
          "state": "complete",
          "watermark": "dc4e0d96eb3ef09ec8c87140f4c384e599754b07",
          "windowFrom": "2026-09-30T12:47:49.000Z",
          "windowTo": "2026-09-30T12:47:49.000Z"
        }
      ],
      "definition": {
        "description": "Distinct commits in baseSha..HEAD, merges included.",
        "id": "dx.git.commits",
        "unit": "commits",
        "version": "1.0.0"
      },
      "denominator": null,
      "evidenceIds": [
        "sha256:950266f62a6551af6976559761e5b9e39c95a381ae6bd0b2c7cd4d100acd3930"
      ],
      "measurement": "measured",
      "method": "observed",
      "metricId": "dx.git.commits",
      "numerator": null,
      "reason": null,
      "unit": "commits",
      "value": 1
    },
    {
      "asOf": "2026-09-30T12:47:52.544Z",
      "attribution": "not-applicable",
      "checkpoint": "range:33adfd77fb66f078b561f6db523bcb7ab76e5279..dc4e0d96eb3ef09ec8c87140f4c384e599754b07",
      "coverage": [
        {
          "adapterId": "git-history",
          "expectedItems": 1,
          "gaps": [],
          "observedItems": 1,
          "state": "complete",
          "watermark": "dc4e0d96eb3ef09ec8c87140f4c384e599754b07",
          "windowFrom": "2026-09-30T12:47:49.000Z",
          "windowTo": "2026-09-30T12:47:49.000Z"
        }
      ],
      "definition": {
        "description": "Distinct paths touched by non-merge commits in baseSha..HEAD.",
        "id": "dx.git.files-changed",
        "unit": "files",
        "version": "1.0.0"
      },
      "denominator": null,
      "evidenceIds": [
        "sha256:950266f62a6551af6976559761e5b9e39c95a381ae6bd0b2c7cd4d100acd3930"
      ],
      "measurement": "measured",
      "method": "observed",
      "metricId": "dx.git.files-changed",
      "numerator": null,
      "reason": null,
      "unit": "files",
      "value": 2
    },
    {
      "asOf": "2026-09-30T12:47:52.544Z",
      "attribution": "not-applicable",
      "checkpoint": "range:33adfd77fb66f078b561f6db523bcb7ab76e5279..dc4e0d96eb3ef09ec8c87140f4c384e599754b07",
      "coverage": [
        {
          "adapterId": "git-history",
          "expectedItems": 1,
          "gaps": [],
          "observedItems": 1,
          "state": "complete",
          "watermark": "dc4e0d96eb3ef09ec8c87140f4c384e599754b07",
          "windowFrom": "2026-09-30T12:47:49.000Z",
          "windowTo": "2026-09-30T12:47:49.000Z"
        }
      ],
      "definition": {
        "description": "Distinct paths touched by two or more non-merge commits on the branch. An observable rework signal only; it does not claim who reworked or why.",
        "id": "dx.git.files-retouched",
        "unit": "files",
        "version": "1.0.0"
      },
      "denominator": null,
      "evidenceIds": [
        "sha256:950266f62a6551af6976559761e5b9e39c95a381ae6bd0b2c7cd4d100acd3930"
      ],
      "measurement": "measured",
      "method": "observed",
      "metricId": "dx.git.files-retouched",
      "numerator": null,
      "reason": null,
      "unit": "files",
      "value": 0
    },
    {
      "asOf": "2026-09-30T12:47:52.544Z",
      "attribution": "not-applicable",
      "checkpoint": "range:33adfd77fb66f078b561f6db523bcb7ab76e5279..dc4e0d96eb3ef09ec8c87140f4c384e599754b07",
      "coverage": [
        {
          "adapterId": "git-history",
          "expectedItems": 1,
          "gaps": [],
          "observedItems": 1,
          "state": "complete",
          "watermark": "dc4e0d96eb3ef09ec8c87140f4c384e599754b07",
          "windowFrom": "2026-09-30T12:47:49.000Z",
          "windowTo": "2026-09-30T12:47:49.000Z"
        }
      ],
      "definition": {
        "description": "Sum of git numstat added lines over non-merge commits in baseSha..HEAD; binary files excluded.",
        "id": "dx.git.lines-added",
        "unit": "lines",
        "version": "1.0.0"
      },
      "denominator": null,
      "evidenceIds": [
        "sha256:950266f62a6551af6976559761e5b9e39c95a381ae6bd0b2c7cd4d100acd3930"
      ],
      "measurement": "measured",
      "method": "observed",
      "metricId": "dx.git.lines-added",
      "numerator": null,
      "reason": null,
      "unit": "lines",
      "value": 14
    },
    {
      "asOf": "2026-09-30T12:47:52.544Z",
      "attribution": "not-applicable",
      "checkpoint": "range:33adfd77fb66f078b561f6db523bcb7ab76e5279..dc4e0d96eb3ef09ec8c87140f4c384e599754b07",
      "coverage": [
        {
          "adapterId": "git-history",
          "expectedItems": 1,
          "gaps": [],
          "observedItems": 1,
          "state": "complete",
          "watermark": "dc4e0d96eb3ef09ec8c87140f4c384e599754b07",
          "windowFrom": "2026-09-30T12:47:49.000Z",
          "windowTo": "2026-09-30T12:47:49.000Z"
        }
      ],
      "definition": {
        "description": "Sum of git numstat deleted lines over non-merge commits in baseSha..HEAD; binary files excluded.",
        "id": "dx.git.lines-deleted",
        "unit": "lines",
        "version": "1.0.0"
      },
      "denominator": null,
      "evidenceIds": [
        "sha256:950266f62a6551af6976559761e5b9e39c95a381ae6bd0b2c7cd4d100acd3930"
      ],
      "measurement": "measured",
      "method": "observed",
      "metricId": "dx.git.lines-deleted",
      "numerator": null,
      "reason": null,
      "unit": "lines",
      "value": 0
    },
    {
      "asOf": "2026-09-30T12:47:52.544Z",
      "attribution": "not-applicable",
      "checkpoint": "range:33adfd77fb66f078b561f6db523bcb7ab76e5279..dc4e0d96eb3ef09ec8c87140f4c384e599754b07",
      "coverage": [
        {
          "adapterId": "git-history",
          "expectedItems": 1,
          "gaps": [],
          "observedItems": 1,
          "state": "complete",
          "watermark": "dc4e0d96eb3ef09ec8c87140f4c384e599754b07",
          "windowFrom": "2026-09-30T12:47:49.000Z",
          "windowTo": "2026-09-30T12:47:49.000Z"
        }
      ],
      "definition": {
        "description": "Distinct merge commits in baseSha..HEAD.",
        "id": "dx.git.merge-commits",
        "unit": "commits",
        "version": "1.0.0"
      },
      "denominator": null,
      "evidenceIds": [
        "sha256:950266f62a6551af6976559761e5b9e39c95a381ae6bd0b2c7cd4d100acd3930"
      ],
      "measurement": "measured",
      "method": "observed",
      "metricId": "dx.git.merge-commits",
      "numerator": null,
      "reason": null,
      "unit": "commits",
      "value": 0
    },
    {
      "asOf": "2026-09-30T12:47:52.544Z",
      "attribution": "not-applicable",
      "checkpoint": "range:33adfd77fb66f078b561f6db523bcb7ab76e5279..dc4e0d96eb3ef09ec8c87140f4c384e599754b07",
      "coverage": [
        {
          "adapterId": "git-history",
          "expectedItems": 1,
          "gaps": [],
          "observedItems": 1,
          "state": "complete",
          "watermark": "dc4e0d96eb3ef09ec8c87140f4c384e599754b07",
          "windowFrom": "2026-09-30T12:47:49.000Z",
          "windowTo": "2026-09-30T12:47:49.000Z"
        }
      ],
      "definition": {
        "description": "Tracked files changed in the latest observed uncommitted worktree diff against HEAD.",
        "id": "dx.git.uncommitted-files",
        "unit": "files",
        "version": "1.0.0"
      },
      "denominator": null,
      "evidenceIds": [
        "sha256:aa55759b81af19a8a8b7fdad782a393013fd176448237a3a71f904c5569b2822"
      ],
      "measurement": "measured",
      "method": "observed",
      "metricId": "dx.git.uncommitted-files",
      "numerator": null,
      "reason": "snapshot at collection time; excludes changes made after the last collect",
      "unit": "files",
      "value": 0
    },
    {
      "asOf": "2026-09-30T12:47:52.544Z",
      "attribution": "not-applicable",
      "checkpoint": "range:33adfd77fb66f078b561f6db523bcb7ab76e5279..dc4e0d96eb3ef09ec8c87140f4c384e599754b07",
      "coverage": [
        {
          "adapterId": "git-history",
          "expectedItems": 1,
          "gaps": [],
          "observedItems": 1,
          "state": "complete",
          "watermark": "dc4e0d96eb3ef09ec8c87140f4c384e599754b07",
          "windowFrom": "2026-09-30T12:47:49.000Z",
          "windowTo": "2026-09-30T12:47:49.000Z"
        }
      ],
      "definition": {
        "description": "Lines added in the latest observed uncommitted worktree diff against HEAD.",
        "id": "dx.git.uncommitted-lines-added",
        "unit": "lines",
        "version": "1.0.0"
      },
      "denominator": null,
      "evidenceIds": [
        "sha256:aa55759b81af19a8a8b7fdad782a393013fd176448237a3a71f904c5569b2822"
      ],
      "measurement": "measured",
      "method": "observed",
      "metricId": "dx.git.uncommitted-lines-added",
      "numerator": null,
      "reason": "snapshot at collection time; excludes changes made after the last collect",
      "unit": "lines",
      "value": 0
    },
    {
      "asOf": "2026-09-30T12:47:52.544Z",
      "attribution": "not-applicable",
      "checkpoint": "range:33adfd77fb66f078b561f6db523bcb7ab76e5279..dc4e0d96eb3ef09ec8c87140f4c384e599754b07",
      "coverage": [
        {
          "adapterId": "git-history",
          "expectedItems": 1,
          "gaps": [],
          "observedItems": 1,
          "state": "complete",
          "watermark": "dc4e0d96eb3ef09ec8c87140f4c384e599754b07",
          "windowFrom": "2026-09-30T12:47:49.000Z",
          "windowTo": "2026-09-30T12:47:49.000Z"
        }
      ],
      "definition": {
        "description": "Lines deleted in the latest observed uncommitted worktree diff against HEAD.",
        "id": "dx.git.uncommitted-lines-deleted",
        "unit": "lines",
        "version": "1.0.0"
      },
      "denominator": null,
      "evidenceIds": [
        "sha256:aa55759b81af19a8a8b7fdad782a393013fd176448237a3a71f904c5569b2822"
      ],
      "measurement": "measured",
      "method": "observed",
      "metricId": "dx.git.uncommitted-lines-deleted",
      "numerator": null,
      "reason": "snapshot at collection time; excludes changes made after the last collect",
      "unit": "lines",
      "value": 0
    },
    {
      "asOf": "2026-09-30T12:47:52.544Z",
      "attribution": "not-applicable",
      "checkpoint": "range:33adfd77fb66f078b561f6db523bcb7ab76e5279..dc4e0d96eb3ef09ec8c87140f4c384e599754b07",
      "coverage": [
        {
          "adapterId": "git-history",
          "expectedItems": 1,
          "gaps": [],
          "observedItems": 1,
          "state": "complete",
          "watermark": "dc4e0d96eb3ef09ec8c87140f4c384e599754b07",
          "windowFrom": "2026-09-30T12:47:49.000Z",
          "windowTo": "2026-09-30T12:47:49.000Z"
        }
      ],
      "definition": {
        "description": "Untracked, non-ignored files in the latest observed worktree snapshot.",
        "id": "dx.git.untracked-files",
        "unit": "files",
        "version": "1.0.0"
      },
      "denominator": null,
      "evidenceIds": [
        "sha256:aa55759b81af19a8a8b7fdad782a393013fd176448237a3a71f904c5569b2822"
      ],
      "measurement": "measured",
      "method": "observed",
      "metricId": "dx.git.untracked-files",
      "numerator": null,
      "reason": "snapshot at collection time; excludes changes made after the last collect",
      "unit": "files",
      "value": 1
    }
  ],
  "notes": [
    "No snapshotId requested; analyzed latest snapshot snap_571314886feae9d12c01cc488e80984d.",
    "Persisted snapshot metadata snap_571314886feae9d12c01cc488e80984d; reuse it with snapshotId for explain/evidence.",
    "Snapshot snap_571314886feae9d12c01cc488e80984d at watermark events:29:991d7532cef3ff14c0773c3eed4e41f7; selector repo=/private/var/folders/l5/j97t559s5ljgmjc_ylqn1jmh0000gn/T/c17.a4p86d7k/c17-demo/.git, branch=feature/c17-real-flight.",
    "Source cursor-cli coverage partial (gaps: may-overlap-hooks-stop, no-branch-in-cli-output, no-cost-in-cli-output, no-reasoning-tokens).",
    "Source cursor-transcripts coverage partial (gaps: charge-unavailable, malformed-lines, timestamps-absent, usage-unavailable).",
    "Source git-observation coverage partial (gaps: no-ai-attribution, observation-not-history, reflog-local-retention).",
    "Metric dx.ai-usage.alternative.tokens.total unavailable: no aggregate usage ledger selected",
    "Metric dx.ai-usage.money.charge unavailable: no selected source reported a charge amount in USD",
    "Metric dx.ai-usage.money.list-price-estimate unavailable: no selected source reported a list-price-estimate amount in USD",
    "Metric dx.ai-usage.money.metered unavailable: no selected source reported a metered amount in USD",
    "Metric dx.ai-usage.money.unallocated unavailable: no selected source reported a unallocated amount in USD",
    "Metric dx.ai-usage.tokens.reasoning unavailable: no selected source reported reasoning tokens",
    "Metric dx.ai-usage.tokens.total unavailable: no selected source reported total tokens",
    "Metric dx.cost.charge.usd unavailable: No billed charge in the selected sources; import a Cursor usage CSV or dashboard export. Not zero.",
    "Metric dx.cost.list-price-estimate.price-table.usd unavailable: No versioned price table selected; the recorder ships no default prices.",
    "Metric dx.cost.list-price-estimate.source.usd unavailable: No source-computed list-price estimate in the selected sources.",
    "Metric dx.cost.metered.usd unavailable: No source-reported metered amount in the selected sources.",
    "Metric dx.cost.subscription-allocation.usd unavailable: No subscription plan declared; allocation needs a user-declared plan amount and period.",
    "Metric dx.cost.unallocated.usd unavailable: No source amount with an unstated ledger.",
    "Metric dx.flight.branch-age.ms@branch:feature/c17-real-flight is partial: start=reflog-branch-created@2026-09-30T12:47:17.000Z; end=as-of@2026-09-30T12:47:52.544Z; branch not merged; open until as-of",
    "Metric dx.friction.failed-commands unavailable: no captured command runs in the snapshot"
  ],
  "schemaVersion": "dx.report.v1",
  "snapshot": {
    "contractDigest": "sha256:b9623bd4bb6a9b20598a6f0186930153fdf4be77ff40545e03b8e0ba153eb090",
    "contractVersion": "dx.contracts.v1",
    "createdAt": "2026-09-30T12:47:52.544Z",
    "enabledDescriptors": [
      {
        "id": "collector.claude-jsonl",
        "version": "0.1.0"
      },
      {
        "id": "collector.cursor-hooks",
        "version": "0.1.0"
      },
      {
        "id": "collector.cursor-transcripts",
        "version": "0.1.0"
      },
      {
        "id": "collector.cursor-usage-export",
        "version": "0.1.0"
      },
      {
        "id": "collector.git-history",
        "version": "1.0.0"
      },
      {
        "id": "collector.git-identity",
        "version": "1.0.0"
      },
      {
        "id": "collector.git-observation",
        "version": "1.0.0"
      },
      {
        "id": "collector/codex-session",
        "version": "0.1.0"
      },
      {
        "id": "collector/cursor-cli",
        "version": "0.1.0"
      },
      {
        "id": "collector/entire-checkpoints",
        "version": "0.1.0"
      },
      {
        "id": "collector/local-feedback",
        "version": "1.0.0"
      },
      {
        "id": "collector/local-test",
        "version": "1.0.0"
      },
      {
        "id": "collector/manual",
        "version": "1.0.0"
      },
      {
        "id": "collector/opencode",
        "version": "0.1.0"
      },
      {
        "id": "collector/shell-command",
        "version": "1.0.0"
      },
      {
        "id": "correlation.repo",
        "version": "1.0.0"
      },
      {
        "id": "correlation/ai",
        "version": "1.0.0"
      },
      {
        "id": "correlation/flight",
        "version": "1.0.0"
      },
      {
        "id": "cursor-local-db",
        "version": "0.1.0"
      },
      {
        "id": "dx.metric.cost",
        "version": "1.0.0"
      },
      {
        "id": "dx.metric.flight-time",
        "version": "1.0.0"
      },
      {
        "id": "dx.metric.friction",
        "version": "1.0.0"
      },
      {
        "id": "dx.metric.git-churn",
        "version": "1.0.0"
      },
      {
        "id": "dx.metric.intervals",
        "version": "1.0.0"
      },
      {
        "id": "dx.metrics.ai-usage",
        "version": "1.0.0"
      },
      {
        "id": "dx.report.analyze",
        "version": "1.0.0"
      },
      {
        "id": "dx.report.evidence",
        "version": "1.0.0"
      },
      {
        "id": "dx.report.explain",
        "version": "1.0.0"
      },
      {
        "id": "dx.surface.mcp-query-handlers",
        "version": "1.0.0"
      },
      {
        "id": "provider-usage",
        "version": "0.1.0"
      },
      {
        "id": "service/event-store-sqlite",
        "version": "1.0.0"
      },
      {
        "id": "surface/cli-commands",
        "version": "1.0.0"
      }
    ],
    "eventWatermark": "events:29:991d7532cef3ff14c0773c3eed4e41f7",
    "metricDefinitions": [
      {
        "id": "dx.ai-usage.alternative.tokens.total",
        "version": "1.0.0"
      },
      {
        "id": "dx.ai-usage.duplicate-rows-collapsed",
        "version": "1.0.0"
      },
      {
        "id": "dx.ai-usage.money.charge",
        "version": "1.0.0"
      },
      {
        "id": "dx.ai-usage.money.list-price-estimate",
        "version": "1.0.0"
      },
      {
        "id": "dx.ai-usage.money.metered",
        "version": "1.0.0"
      },
      {
        "id": "dx.ai-usage.money.unallocated",
        "version": "1.0.0"
      },
      {
        "id": "dx.ai-usage.requests",
        "version": "1.0.0"
      },
      {
        "id": "dx.ai-usage.tokens.cache-write",
        "version": "1.0.0"
      },
      {
        "id": "dx.ai-usage.tokens.cached-input",
        "version": "1.0.0"
      },
      {
        "id": "dx.ai-usage.tokens.input",
        "version": "1.0.0"
      },
      {
        "id": "dx.ai-usage.tokens.output",
        "version": "1.0.0"
      },
      {
        "id": "dx.ai-usage.tokens.reasoning",
        "version": "1.0.0"
      },
      {
        "id": "dx.ai-usage.tokens.total",
        "version": "1.0.0"
      },
      {
        "id": "dx.ai-usage.uncovered-events",
        "version": "1.0.0"
      },
      {
        "id": "dx.ai-usage.unresolved-rows",
        "version": "1.0.0"
      },
      {
        "id": "dx.cost.charge.usd",
        "version": "1.0.0"
      },
      {
        "id": "dx.cost.list-price-estimate.price-table.usd",
        "version": "1.0.0"
      },
      {
        "id": "dx.cost.list-price-estimate.source.usd",
        "version": "1.0.0"
      },
      {
        "id": "dx.cost.metered.usd",
        "version": "1.0.0"
      },
      {
        "id": "dx.cost.subscription-allocation.usd",
        "version": "1.0.0"
      },
      {
        "id": "dx.cost.unallocated.usd",
        "version": "1.0.0"
      },
      {
        "id": "dx.flight.active.intervals",
        "version": "1.0.0"
      },
      {
        "id": "dx.flight.active.ms",
        "version": "1.0.0"
      },
      {
        "id": "dx.flight.agent.ms",
        "version": "1.0.0"
      },
      {
        "id": "dx.flight.branch-age.ms",
        "version": "1.0.0"
      },
      {
        "id": "dx.flight.commits",
        "version": "1.0.0"
      },
      {
        "id": "dx.flight.first-commit-at",
        "version": "1.0.0"
      },
      {
        "id": "dx.flight.last-commit-at",
        "version": "1.0.0"
      },
      {
        "id": "dx.flight.tool-calls",
        "version": "1.0.0"
      },
      {
        "id": "dx.friction.failed-commands",
        "version": "1.0.0"
      },
      {
        "id": "dx.friction.reworked-files",
        "version": "1.0.0"
      },
      {
        "id": "dx.friction.test-failure-rate",
        "version": "1.0.0"
      },
      {
        "id": "dx.friction.test-failures",
        "version": "1.0.0"
      },
      {
        "id": "dx.friction.test-runs",
        "version": "1.0.0"
      },
      {
        "id": "dx.friction.tool-call-failure-rate",
        "version": "1.0.0"
      },
      {
        "id": "dx.git.churn-lines",
        "version": "1.0.0"
      },
      {
        "id": "dx.git.commits",
        "version": "1.0.0"
      },
      {
        "id": "dx.git.files-changed",
        "version": "1.0.0"
      },
      {
        "id": "dx.git.files-retouched",
        "version": "1.0.0"
      },
      {
        "id": "dx.git.lines-added",
        "version": "1.0.0"
      },
      {
        "id": "dx.git.lines-deleted",
        "version": "1.0.0"
      },
      {
        "id": "dx.git.merge-commits",
        "version": "1.0.0"
      },
      {
        "id": "dx.git.uncommitted-files",
        "version": "1.0.0"
      },
      {
        "id": "dx.git.uncommitted-lines-added",
        "version": "1.0.0"
      },
      {
        "id": "dx.git.uncommitted-lines-deleted",
        "version": "1.0.0"
      },
      {
        "id": "dx.git.untracked-files",
        "version": "1.0.0"
      }
    ],
    "originMix": [
      {
        "count": 29,
        "origin": "imported"
      }
    ],
    "selector": {
      "branch": "feature/c17-real-flight",
      "flightId": null,
      "from": null,
      "repoCommonDir": "/private/var/folders/l5/j97t559s5ljgmjc_ylqn1jmh0000gn/T/c17.a4p86d7k/c17-demo/.git",
      "to": null
    },
    "snapshotId": "snap_571314886feae9d12c01cc488e80984d"
  }
}
